"comparison","feature_set","feature","coef","stderr","pval","qval","N","N.not.0"
"eoCRC_vs_YoungCtrl","species","species.Parvimonas.micra",1.00172772133211,0.158430388281812,1.68582404654458e-09,3.70881290239807e-07,199,43
"eoCRC_vs_YoungCtrl","species","species.Gemella.morbillorum",0.720731017975374,0.133884877387247,2.07262078664761e-07,1.51992191020824e-05,199,28
"eoCRC_vs_YoungCtrl","species","species.Peptostreptococcus.stomatis",0.745144857741673,0.137302153601279,1.67399419282815e-07,1.51992191020824e-05,199,28
"eoCRC_vs_YoungCtrl","species","species.Anaerotruncus.colihominis",0.706399484647916,0.175637945211883,8.22118210076951e-05,0.00361732012433858,199,80
"eoCRC_vs_YoungCtrl","species","species.Dialister.pneumosintes",0.511816655826319,0.126400591162055,7.38573257991196e-05,0.00361732012433858,199,19
"eoCRC_vs_YoungCtrl","species","species.Monoglobus.pectinilyticus",-0.623267806081663,0.159959688898817,0.000134495807915719,0.0049315129569097,199,22
"eoCRC_vs_YoungCtrl","species","species.Romboutsia.ilealis",-0.341323990978189,0.0947750562181285,0.000402014437520022,0.012634739464915,199,14
"eoCRC_vs_YoungCtrl","species","species.Actinomyces.sp..HPA0247",-0.295404880676625,0.0858498942276096,0.000709362458038454,0.015605974076846,199,8
"eoCRC_vs_YoungCtrl","species","species.Bacteroides.cellulosilyticus",0.904208942431285,0.260637814754691,0.00064111430235816,0.015605974076846,199,73
"eoCRC_vs_YoungCtrl","species","species.Streptococcus.sp..A12",-0.371303115562651,0.107907120251419,0.000708652652214985,0.015605974076846,199,24
"eoCRC_vs_YoungCtrl","species","species.Alistipes.putredinis",0.998691133165659,0.302369259189112,0.00113804011295185,0.022760802259037,199,123
"eoCRC_vs_YoungCtrl","species","species.Bilophila.wadsworthia",0.603397360855215,0.184225580089882,0.00124892754411119,0.0228970049753719,199,122
"eoCRC_vs_YoungCtrl","species","species.Collinsella.aerofaciens",0.862057007610938,0.265542382269771,0.00137363562831771,0.0232461414022998,199,155
"eoCRC_vs_YoungCtrl","species","species.Turicimonas.muris",-0.513212568425056,0.159905353350645,0.00155261836977336,0.0243982886678671,199,51
"eoCRC_vs_YoungCtrl","species","species.Haemophilus.parainfluenzae",-0.670980772777734,0.21185325196861,0.00178437229282516,0.0245351190263459,199,79
"eoCRC_vs_YoungCtrl","species","species.Intestinimonas.butyriciproducens",0.596491700426155,0.187930854365922,0.00174698040957866,0.0245351190263459,199,74
"eoCRC_vs_YoungCtrl","species","species.Solobacterium.moorei",0.405925449331693,0.12962781679683,0.00200421076933983,0.0259368452502801,199,16
"eoCRC_vs_YoungCtrl","species","species.Holdemania.filiformis",0.497216398788105,0.171497964298136,0.00416494637125205,0.0509049000930806,199,72
"eoCRC_vs_YoungCtrl","species","species.Ruthenibacterium.lactatiformans",0.454222005019779,0.164189923904335,0.00621697057920498,0.0719859751276366,199,164
"eoCRC_vs_YoungCtrl","species","species.Roseburia.sp..CAG.309",-0.29617164846707,0.108923070628137,0.00713762790519686,0.0779891005454434,199,19
"eoCRC_vs_YoungCtrl","species","species.Lactobacillus.rogosae",-0.39383823519498,0.14562512459485,0.00744441414297414,0.0779891005454434,199,37
"eoCRC_vs_YoungCtrl","species","species.Faecalibacterium.prausnitzii",-0.477224034941072,0.178742192338066,0.00822098912397926,0.0822098912397926,199,188
"eoCRC_vs_YoungCtrl","species","species.Phascolarctobacterium.succinatutens",0.754885679863664,0.287523085203708,0.00933341049340311,0.0855562628561952,199,55
"eoCRC_vs_YoungCtrl","species","species.Clostridium.sp..CAG.167",-0.406884187493654,0.154776173590521,0.0092567002982185,0.0855562628561952,199,26
"eoCRC_vs_YoungCtrl","species","species.Bifidobacterium.dentium",-0.330405877829183,0.12746956561833,0.0102587265743093,0.0902767938539217,199,17
"eoCRC_vs_YoungCtrl","species","species.Firmicutes.bacterium.CAG.238",-0.213737216758743,0.0836078854435675,0.0113375756279476,0.0959333322364797,199,6
"eoCRC_vs_YoungCtrl","species","species.Eubacterium.sp..CAG.274",-0.520339477062016,0.205255087195982,0.0120211886777832,0.0979504262634183,199,41
"eoCRC_vs_YoungCtrl","species","species.Proteobacteria.bacterium.CAG.139",-0.550297098128237,0.218315623716593,0.0125069072206071,0.0982685567333418,199,56
"eoCRC_vs_YoungCtrl","species","species.Streptococcus.thermophilus",-0.564144867175544,0.239187517389529,0.0193376250067578,0.13294617192146,199,92
"eoCRC_vs_YoungCtrl","species","species.Haemophilus.sp..HMSC71H05",-0.337827219786431,0.141863986829153,0.0182034365204684,0.13294617192146,199,30
"eoCRC_vs_YoungCtrl","species","species.Odoribacter.splanchnicus",0.518023072764356,0.218572569990537,0.0187718979500669,0.13294617192146,199,150
"eoCRC_vs_YoungCtrl","species","species.Fusobacterium.nucleatum",0.292058293654295,0.123505959847466,0.0190157040560615,0.13294617192146,199,13
"eoCRC_vs_YoungCtrl","species","species.Streptococcus.australis",-0.306933397381954,0.134420582852346,0.0234806817497562,0.151933823086658,199,40
"eoCRC_vs_YoungCtrl","species","species.Parabacteroides.distasonis",0.577774724155659,0.25217540028268,0.0230296526020601,0.151933823086658,199,159
"eoCRC_vs_YoungCtrl","species","species.Enorma.massiliensis",-0.291885984256709,0.12998473732115,0.0258457035263371,0.162458707879833,199,31
"eoCRC_vs_YoungCtrl","species","species.Blautia.coccoides",-0.201862357303296,0.0910287293328411,0.0277414910637908,0.169531334278722,199,10
"eoCRC_vs_YoungCtrl","species","species.Bacteroides.caccae",0.678684295302146,0.311555383461912,0.0305654919629175,0.181740763022753,199,112
"eoCRC_vs_YoungCtrl","species","species.Streptococcus.oralis",0.332604701997306,0.15613606020344,0.0343962933824494,0.181793429410907,199,48
"eoCRC_vs_YoungCtrl","species","species.Methanobrevibacter.smithii",0.484194722534286,0.226992447233463,0.0341579865020933,0.181793429410907,199,39
"eoCRC_vs_YoungCtrl","species","species.Christensenella.hongkongensis",0.219088666590063,0.103021921921105,0.0347060183420823,0.181793429410907,199,19
"eoCRC_vs_YoungCtrl","species","species.Bacteroides.nordii",0.247108605206756,0.115060904856531,0.032966432770819,0.181793429410907,199,19
"eoCRC_vs_YoungCtrl","species","species.Blautia.producta",-0.318308141813949,0.147000564811246,0.0315702368195946,0.181793429410907,199,35
"eoCRC_vs_YoungCtrl","species","species.Oscillibacter.sp..57_20",0.52888450980733,0.251155560163108,0.0365017966113777,0.1867533780117,199,110
"eoCRC_vs_YoungCtrl","species","species..Ruminococcus..lactaris",-0.504437354615216,0.244940622909093,0.0407753222550257,0.203876611275129,199,55
"eoCRC_vs_YoungCtrl","species","species.Alistipes.finegoldii",0.456863095031973,0.224406054539989,0.0431132127472603,0.210775706764383,199,125
"eoCRC_vs_YoungCtrl","species","species.Slackia.isoflavoniconvertens",0.412311251256879,0.203872315082896,0.0444981758331877,0.212817362680463,199,48
"eoCRC_vs_YoungCtrl","species","species..Clostridium..symbiosum",0.408467103845263,0.210050555460498,0.0532485445795452,0.249248506542552,199,79
"eoCRC_vs_YoungCtrl","pathways","P108.PWY..pyruvate.fermentation.to.propanoate.I",0.269406689256605,0.0603944754422659,1.38105733055816e-05,0.00512372269637077,199,120
"eoCRC_vs_YoungCtrl","pathways","PWY.6588..pyruvate.fermentation.to.acetone",0.227384745350656,0.0591773652459155,0.000165047872128777,0.0306163802798882,199,52
"eoCRC_vs_YoungCtrl","pathways","TRPSYN.PWY..L.tryptophan.biosynthesis",-0.126389024906754,0.0346048519879111,0.000333049363998804,0.0411871046811855,199,199
"eoCRC_vs_YoungCtrl","pathways","PWY.1042..glycolysis.IV..plant.cytosol.",-0.109763089183618,0.0325988798486635,0.000913689902268025,0.042134036780639,199,199
"eoCRC_vs_YoungCtrl","pathways","PWY.6151..S.adenosyl.L.methionine.cycle.I",-0.13152416370196,0.0379846047335645,0.000656370452117216,0.042134036780639,199,199
"eoCRC_vs_YoungCtrl","pathways","PWY.6936..seleno.amino.acid.biosynthesis",-0.11054356421286,0.0323790013208601,0.000777992798758481,0.042134036780639,199,199
"eoCRC_vs_YoungCtrl","pathways","THISYNARA.PWY..superpathway.of.thiamin.diphosphate.biosynthesis.III..eukaryotes.",-0.121028072899587,0.0360391176117978,0.00094171750567443,0.042134036780639,199,199
"eoCRC_vs_YoungCtrl","pathways","GLUCUROCAT.PWY..superpathway.of..beta..D.glucuronide.and.D.glucuronate.degradation",-0.1539901325977,0.0443905542229912,0.000643740287084723,0.042134036780639,199,193
"eoCRC_vs_YoungCtrl","pathways","RHAMCAT.PWY..L.rhamnose.degradation.I",-0.129594239053102,0.0391020509238981,0.00109502537423959,0.042134036780639,199,199
"eoCRC_vs_YoungCtrl","pathways","P163.PWY..L.lysine.fermentation.to.acetate.and.butanoate",0.198407823948805,0.0600674671768758,0.00113568832292828,0.042134036780639,199,4
"eoCRC_vs_YoungCtrl","pathways","PWY.7237..myo...chiro..and.scillo.inositol.degradation",-0.159867182233835,0.049007935183624,0.00130401299420991,0.0439808018956251,199,198
"eoCRC_vs_YoungCtrl","pathways","PWY.7242..D.fructuronate.degradation",-0.144234332643398,0.0453703640832449,0.00172014321651539,0.0531810944439341,199,188
"eoCRC_vs_YoungCtrl","pathways","PWY.6703..preQ0.biosynthesis",-0.121795156458716,0.0387001709302597,0.00190688662778698,0.0544196106853053,199,199
"eoCRC_vs_YoungCtrl","pathways","ILEUSYN.PWY..L.isoleucine.biosynthesis.I..from.threonine.",-0.102407734158552,0.0343391338665582,0.00322348616775629,0.0552464240795541,199,199
"eoCRC_vs_YoungCtrl","pathways","PWY.7111..pyruvate.fermentation.to.isobutanol..engineered.",-0.101523153604985,0.0339202657975572,0.00311682466864593,0.0552464240795541,199,199
"eoCRC_vs_YoungCtrl","pathways","VALSYN.PWY..L.valine.biosynthesis",-0.102407734158552,0.0343391338665582,0.00322348616775629,0.0552464240795541,199,199
"eoCRC_vs_YoungCtrl","pathways","PWY.6163..chorismate.biosynthesis.from.3.dehydroquinate",-0.104107344140352,0.0338695098441168,0.00241323937322079,0.0552464240795541,199,199
"eoCRC_vs_YoungCtrl","pathways","COA.PWY..coenzyme.A.biosynthesis.I",-0.100978857501418,0.0339198789026161,0.00327606827425927,0.0552464240795541,199,199
"eoCRC_vs_YoungCtrl","pathways","PWY.6700..queuosine.biosynthesis",-0.116528206219168,0.0386151750418464,0.00288539695354697,0.0552464240795541,199,199
"eoCRC_vs_YoungCtrl","pathways","HISTSYN.PWY..L.histidine.biosynthesis",-0.11823050371694,0.0381045341772912,0.00219882928129288,0.0552464240795541,199,199
"eoCRC_vs_YoungCtrl","pathways","RIBOSYN2.PWY..flavin.biosynthesis.I..bacteria.and.plants.",-0.121326061277654,0.0398317151397654,0.00263835039682082,0.0552464240795541,199,199
"eoCRC_vs_YoungCtrl","pathways","GALACTUROCAT.PWY..D.galacturonate.degradation.I",-0.125381420193275,0.0408000903330432,0.00242323997389037,0.0552464240795541,199,193
"eoCRC_vs_YoungCtrl","pathways","PWY.6507..4.deoxy.L.threo.hex.4.enopyranuronate.degradation",-0.142217912926213,0.0484965537569888,0.00376566495006664,0.0607418128902053,199,188
"eoCRC_vs_YoungCtrl","pathways","PWY.5097..L.lysine.biosynthesis.VI",-0.1044871327454,0.0359314861059008,0.00405544577691027,0.0626904326347379,199,199
"eoCRC_vs_YoungCtrl","pathways","DTDPRHAMSYN.PWY..dTDP.L.rhamnose.biosynthesis.I",-0.114473627662709,0.0402902459965459,0.00497017428627596,0.0665818729613686,199,199
"eoCRC_vs_YoungCtrl","pathways","COMPLETE.ARO.PWY..superpathway.of.aromatic.amino.acid.biosynthesis",-0.0867298988280672,0.0305673596718387,0.00502504701595235,0.0665818729613686,199,199
"eoCRC_vs_YoungCtrl","pathways","PANTOSYN.PWY..pantothenate.and.coenzyme.A.biosynthesis.I",-0.0958831761170851,0.0335639332160338,0.00473960658509192,0.0665818729613686,199,199
"eoCRC_vs_YoungCtrl","pathways","PWY.5695..urate.biosynthesis.inosine.5..phosphate.degradation",-0.097341687359793,0.0339249159487721,0.00456604992014213,0.0665818729613686,199,199
"eoCRC_vs_YoungCtrl","pathways","GALACT.GLUCUROCAT.PWY..superpathway.of.hexuronide.and.hexuronate.degradation",-0.123498238953717,0.04374120772632,0.00524684361377128,0.0671234131279016,199,190
"eoCRC_vs_YoungCtrl","pathways","PWY.6263..superpathway.of.menaquinol.8.biosynthesis.II",0.270039262659308,0.0965334061194641,0.00566617843992608,0.0700717400404192,199,38
"eoCRC_vs_YoungCtrl","pathways","PWY.6609..adenine.and.adenosine.salvage.III",-0.0975877404809585,0.0353634435858794,0.00633408103375285,0.0712104261673427,199,199
"eoCRC_vs_YoungCtrl","pathways","PYRIDNUCSYN.PWY..NAD.biosynthesis.I..from.aspartate.",-0.0940003904925486,0.033937843506357,0.00614685536307899,0.0712104261673427,199,199
"eoCRC_vs_YoungCtrl","pathways","PWYG.321..mycolate.biosynthesis",0.199029561218653,0.071987924701547,0.0062374360167135,0.0712104261673427,199,178
"eoCRC_vs_YoungCtrl","pathways","PWY.6386..UDP.N.acetylmuramoyl.pentapeptide.biosynthesis.II..lysine.containing.",-0.0982461597616334,0.0361296164435698,0.00712731744203036,0.0723309516008317,199,199
"eoCRC_vs_YoungCtrl","pathways","X1CMET2.PWY..N10.formyl.tetrahydrofolate.biosynthesis",-0.0896075956281719,0.0327236147786292,0.00674145548501469,0.0723309516008317,199,199
"eoCRC_vs_YoungCtrl","pathways","ASPASN.PWY..superpathway.of.L.aspartate.and.L.asparagine.biosynthesis",-0.103633792816358,0.0381348920250436,0.0071710504410579,0.0723309516008317,199,199
"eoCRC_vs_YoungCtrl","pathways","P42.PWY..incomplete.reductive.TCA.cycle",0.212334659610168,0.0782042601768577,0.00721359894671368,0.0723309516008317,199,112
"eoCRC_vs_YoungCtrl","pathways","PWY.5138..unsaturated..even.numbered.fatty.acid..beta..oxidation",0.19000143007734,0.0709901028670531,0.00807850265058237,0.0788716969306857,199,61
"eoCRC_vs_YoungCtrl","pathways","PWY.7221..guanosine.ribonucleotides.de.novo.biosynthesis",-0.0969574708055173,0.0366904810298946,0.00889001268884572,0.0826823653074745,199,199
"eoCRC_vs_YoungCtrl","pathways","PWY.2942..L.lysine.biosynthesis.III",-0.09290405865689,0.0351691183112516,0.00891454073395951,0.0826823653074745,199,199
"eoCRC_vs_YoungCtrl","pathways","PWY.5989..stearate.biosynthesis.II..bacteria.and.plants.",0.146005635932986,0.0554783112561667,0.00916707521276365,0.0829508513154954,199,184
"eoCRC_vs_YoungCtrl","pathways","PWY.4242..pantothenate.and.coenzyme.A.biosynthesis.III",-0.0841181007087781,0.03216123050504,0.00959958541717859,0.0847282488158514,199,199
"eoCRC_vs_YoungCtrl","pathways","PWY.7357..thiamin.formation.from.pyrithiamine.and.oxythiamine..yeast.",-0.0997375798250287,0.0383689394230236,0.0100486332827425,0.0847282488158514,199,199
"eoCRC_vs_YoungCtrl","pathways","FASYN.INITIAL.PWY..superpathway.of.fatty.acid.biosynthesis.initiation..E..coli.",0.15695339393433,0.0602215820267194,0.00985315039732947,0.0847282488158514,199,174
"eoCRC_vs_YoungCtrl","pathways","PWY.6387..UDP.N.acetylmuramoyl.pentapeptide.biosynthesis.I..meso.diaminopimelate.containing.",-0.0933625369667831,0.0362042733477902,0.0106452617113167,0.0859410393065541,199,199
"eoCRC_vs_YoungCtrl","pathways","PWY.6385..peptidoglycan.biosynthesis.III..mycobacteria.",-0.092424073604322,0.035845074722093,0.0106557622859878,0.0859410393065541,199,199
"eoCRC_vs_YoungCtrl","pathways","ARO.PWY..chorismate.biosynthesis.I",-0.0782362968669541,0.03066939961366,0.0115022385486953,0.0889027187826239,199,199
"eoCRC_vs_YoungCtrl","pathways","PWY.6168..flavin.biosynthesis.III..fungi.",-0.0847063078693837,0.0331197867052021,0.0112934488487595,0.0889027187826239,199,199
"eoCRC_vs_YoungCtrl","pathways","PEPTIDOGLYCANSYN.PWY..peptidoglycan.biosynthesis.I..meso.diaminopimelate.containing.",-0.0919470113859458,0.0363601332820276,0.0122307757012185,0.0926044445949398,199,199
"eoCRC_vs_YoungCtrl","pathways","PANTO.PWY..phosphopantothenate.biosynthesis.I",-0.0864211490596151,0.0342747878992058,0.0124804004840067,0.0926045715913297,199,199
"eoCRC_vs_YoungCtrl","pathways","COA.PWY.1..coenzyme.A.biosynthesis.II..mammalian.",-0.0852306661184773,0.0340513442839675,0.0131272436510873,0.0951587996715333,199,199
"eoCRC_vs_YoungCtrl","pathways","PWY0.1586..peptidoglycan.maturation..meso.diaminopimelate.containing.",-0.0724802449413178,0.0290219940988993,0.0133376215173039,0.0951587996715333,199,199
"eoCRC_vs_YoungCtrl","pathways","PWY.6122..5.aminoimidazole.ribonucleotide.biosynthesis.II",-0.0902755278218184,0.0364782938202872,0.0141784711074353,0.0956402323792453,199,199
"eoCRC_vs_YoungCtrl","pathways","PWY.6277..superpathway.of.5.aminoimidazole.ribonucleotide.biosynthesis",-0.0902755278218184,0.0364782938202872,0.0141784711074353,0.0956402323792453,199,199
"eoCRC_vs_YoungCtrl","pathways","CALVIN.PWY..Calvin.Benson.Bassham.cycle",-0.0737913067124144,0.0297231412601527,0.0138803414070399,0.0956402323792453,199,199
"eoCRC_vs_YoungCtrl","pathways","PWY.3841..folate.transformations.II",-0.0845852010956185,0.0344288895383402,0.0148830775259653,0.0986003886095201,199,199
"eoCRC_vs_YoungCtrl","pathways","PWY.5686..UMP.biosynthesis",-0.0899662426211108,0.0371814785787947,0.0164443051717951,0.105186848598896,199,199
"eoCRC_vs_YoungCtrl","pathways","PWY.7388..octanoyl..acyl.carrier.protein..biosynthesis..mitochondria..yeast.",0.14332109216682,0.0591266385393807,0.0162551244868391,0.105186848598896,199,178
"eoCRC_vs_YoungCtrl","pathways","PHOSLIPSYN.PWY..superpathway.of.phospholipid.biosynthesis.I..bacteria.",-0.0801021618865818,0.0334585939399856,0.0176060405380995,0.110709170163303,199,199
"eoCRC_vs_YoungCtrl","pathways","PWY.6519..8.amino.7.oxononanoate.biosynthesis.I",0.144171311846196,0.0610679280576215,0.0192165164260158,0.118822126567531,199,180
"eoCRC_vs_YoungCtrl","pathways","PWY.7219..adenosine.ribonucleotides.de.novo.biosynthesis",-0.0838399812071875,0.0361876444416602,0.0215452659084082,0.131010291872198,199,199
"eoCRC_vs_YoungCtrl","pathways","PWY.7229..superpathway.of.adenosine.nucleotides.de.novo.biosynthesis.I",-0.061910766568512,0.0267949854256963,0.0218939032239253,0.131010291872198,199,199
"eoCRC_vs_YoungCtrl","pathways","PWY0.1319..CDP.diacylglycerol.biosynthesis.II",-0.0715353676770358,0.0311806362350084,0.0228345196503294,0.132368856098003,199,199
"eoCRC_vs_YoungCtrl","pathways","PWY.5667..CDP.diacylglycerol.biosynthesis.I",-0.071570255196206,0.0311831704689751,0.0227799596844169,0.132368856098003,199,199
"eoCRC_vs_YoungCtrl","pathways","BIOTIN.BIOSYNTHESIS.PWY..biotin.biosynthesis.I",0.137492201160127,0.0601051479679594,0.023235242977273,0.132619617608743,199,188
"eoCRC_vs_YoungCtrl","pathways","PWY.6126..superpathway.of.adenosine.nucleotides.de.novo.biosynthesis.II",-0.0598878244099027,0.0265429768027275,0.0251529172023493,0.137231357089288,199,199
"eoCRC_vs_YoungCtrl","pathways","HSERMETANA.PWY..L.methionine.biosynthesis.III",-0.0813670124586419,0.0358863293080329,0.0244547649666438,0.137231357089288,199,199
"eoCRC_vs_YoungCtrl","pathways","PWY.5971..palmitate.biosynthesis.II..bacteria.and.plants.",0.289913304431411,0.128281376558032,0.0249180480989559,0.137231357089288,199,130
"eoCRC_vs_YoungCtrl","pathways","TRNA.CHARGING.PWY..tRNA.charging",-0.0756305570960573,0.033617483364588,0.0255717900865995,0.137494697422151,199,199
"eoCRC_vs_YoungCtrl","pathways","PWY.6282..palmitoleate.biosynthesis.I..from..5Z..dodec.5.enoate.",0.135532838232677,0.0617308121412095,0.0292924440852962,0.15524995365207,199,182
"eoCRC_vs_YoungCtrl","pathways","PWY0.862...5Z..dodec.5.enoate.biosynthesis",0.137515756204152,0.0630693949929313,0.0304137732249974,0.158922674175691,199,177
"eoCRC_vs_YoungCtrl","pathways","PWY.724..superpathway.of.L.lysine..L.threonine.and.L.methionine.biosynthesis.II",-0.0652586626877285,0.0302055232605058,0.0319440631057179,0.164600658503074,199,199
"eoCRC_vs_YoungCtrl","pathways","PWY.6897..thiamin.salvage.II",-0.0814642957832016,0.0380778240196721,0.0336439078737589,0.168674186772494,199,199
"eoCRC_vs_YoungCtrl","pathways","PWY.7664..oleate.biosynthesis.IV..anaerobic.",0.134794476143221,0.0629803370943354,0.0335630887817296,0.168674186772494,199,181
"eoCRC_vs_YoungCtrl","pathways","FASYN.ELONG.PWY..fatty.acid.elongation....saturated",0.132386951441123,0.0628808053851879,0.0365269391237102,0.18068659219862,199,184
"eoCRC_vs_YoungCtrl","pathways","THRESYN.PWY..superpathway.of.L.threonine.biosynthesis",-0.0624808506638285,0.0298787864767623,0.0377995776085726,0.184521622273427,199,199
"eoCRC_vs_YoungCtrl","pathways","PWY.6121..5.aminoimidazole.ribonucleotide.biosynthesis.I",-0.064823380092796,0.0312244408486191,0.039187989776909,0.188814859834198,199,199
"eoCRC_vs_YoungCtrl","pathways","PWY.5505..L.glutamate.and.L.glutamine.biosynthesis",-0.123147890271089,0.0597203034447656,0.0405270046878486,0.19276306075887,199,180
"eoCRC_vs_YoungCtrl","pathways","PWY.6113..superpathway.of.mycolate.biosynthesis",0.235107444240395,0.114669671588651,0.0416648404098859,0.195666529013515,199,120
"eoCRC_vs_YoungCtrl","pathways","PWY.4321..L.glutamate.degradation.IV",-0.0726138420537831,0.0355519055825441,0.0424572122451865,0.196895321787053,199,1
"eoCRC_vs_YoungCtrl","pathways","PWY.7234..inosine.5..phosphate.biosynthesis.III",0.100288442084367,0.0502542281231593,0.0473529270812116,0.213891540898567,199,190
"eoCRC_vs_YoungCtrl","pathways","PWY.5850..superpathway.of.menaquinol.6.biosynthesis.I",0.175724082964594,0.08825169658061,0.0478517463465798,0.213891540898567,199,27
"eoCRC_vs_YoungCtrl","pathways","PWY.5896..superpathway.of.menaquinol.10.biosynthesis",0.175724082964594,0.08825169658061,0.0478517463465798,0.213891540898567,199,27
"eoCRC_vs_YoungCtrl","pathways","PWY.5860..superpathway.of.demethylmenaquinol.6.biosynthesis.I",0.152941566635906,0.0788012833708143,0.0537128407952638,0.237231713512415,199,18
"eoCRC_vs_YoungCtrl","pathways","PWY.7210..pyrimidine.deoxyribonucleotides.biosynthesis.from.CTP",-0.188299267497903,0.0974296876408157,0.0547110172872781,0.238797498983296,199,53
"eoCRC_vs_YoungCtrl","pathways","PWY.5690..TCA.cycle.II..plants.and.fungi.",-0.0924261308164591,0.0479902147632744,0.0555585394472976,0.239676955057528,199,170
"eoCRC_vs_YoungCtrl","pathways","PWY.5005..biotin.biosynthesis.II",-0.174021641743991,0.0906987065271845,0.056470631748809,0.240811544584002,199,105
"loCRC_vs_OlderCtrl","species","species.Parvimonas.micra",0.843884361241539,0.0746953082218246,4.78830763113883e-28,2.10685535770108e-25,1083,279
"loCRC_vs_OlderCtrl","species","species.Gemella.morbillorum",0.658701029365449,0.0640912468361543,1.06170133928201e-23,2.33574294642043e-21,1083,204
"loCRC_vs_OlderCtrl","species","species.Peptostreptococcus.stomatis",0.630646578458486,0.0643303422160327,8.62810770234657e-22,1.26545579634416e-19,1083,168
"loCRC_vs_OlderCtrl","species","species.Fusobacterium.nucleatum",0.509619477602127,0.0581917813782677,7.61923728798625e-18,8.38116101678488e-16,1083,141
"loCRC_vs_OlderCtrl","species","species.Solobacterium.moorei",0.518660696141975,0.0595513892535236,1.13100209514546e-17,9.95281843728002e-16,1083,170
"loCRC_vs_OlderCtrl","species","species.Dialister.pneumosintes",0.54619281331222,0.0649122322809503,1.24753428674015e-16,9.1485847694278e-15,1083,125
"loCRC_vs_OlderCtrl","species","species.Roseburia.intestinalis",-0.792987809234093,0.116665341604242,1.76596257089889e-11,7.77023531195513e-10,1083,632
"loCRC_vs_OlderCtrl","species","species.Streptococcus.salivarius",-0.51054139574853,0.0811970788922188,4.68141138546041e-10,1.71651750800215e-08,1083,919
"loCRC_vs_OlderCtrl","species","species.Roseburia.faecis",-0.733013085552613,0.121434176425448,2.16861595966368e-09,6.81565015894301e-08,1083,714
"loCRC_vs_OlderCtrl","species","species.Lachnospira.eligens",-0.678557816877555,0.124096486359297,5.65907449542059e-08,1.55624548624066e-06,1083,721
"loCRC_vs_OlderCtrl","species","species..Clostridium..symbiosum",0.509440161482167,0.0959374647472252,1.33057262950898e-07,3.44383504108207e-06,1083,455
"loCRC_vs_OlderCtrl","species","species.Faecalibacterium.prausnitzii",-0.406590852954405,0.078115119953333,2.32219809917829e-07,5.67648424243582e-06,1083,1021
"loCRC_vs_OlderCtrl","species","species.Ruminococcus.bicirculans",-0.632470660737342,0.122331244837899,2.78737435057536e-07,6.33316517024353e-06,1083,518
"loCRC_vs_OlderCtrl","species","species.Hungatella.hathewayi",0.410822334082237,0.0855785119487097,1.805958755694e-06,3.05623789425139e-05,1083,436
"loCRC_vs_OlderCtrl","species","species.Flavonifractor.plautii",0.375777990862653,0.0811318650537048,4.07118056130099e-06,6.39756945347298e-05,1083,928
"loCRC_vs_OlderCtrl","species","species.Eubacterium.ventriosum",-0.479370553237742,0.104308105097494,4.82387225221028e-06,7.31897858956042e-05,1083,588
"loCRC_vs_OlderCtrl","species","species.Eisenbergiella.tayi",0.343659211730933,0.0753638607807825,5.7010018657034e-06,8.36146940303165e-05,1083,307
"loCRC_vs_OlderCtrl","species","species.Ruthenibacterium.lactatiformans",0.312961176918849,0.0752609390403789,3.46070973791055e-05,0.000431695038133402,1083,950
"loCRC_vs_OlderCtrl","species","species.Eubacterium.sp..CAG.251",-0.427368332065371,0.10332025583518,3.80342520085061e-05,0.000452299213074127,1083,208
"loCRC_vs_OlderCtrl","species","species.Anaerostipes.hadrus",-0.373870175448942,0.090721235561815,4.06151563015045e-05,0.000470280757175315,1083,910
"loCRC_vs_OlderCtrl","species","species.Romboutsia.ilealis",-0.164838343466435,0.0400759901817735,4.20133506875784e-05,0.000473996776988064,1083,110
"loCRC_vs_OlderCtrl","species","species.Firmicutes.bacterium.CAG.110",-0.354864820517055,0.0945593326804964,0.000184206824142377,0.00192978577672966,1083,330
"loCRC_vs_OlderCtrl","species","species.Roseburia.sp..CAG.309",-0.191039772691025,0.0514624660198654,0.000216002376545555,0.00216002376545555,1083,116
"loCRC_vs_OlderCtrl","species","species.Eubacterium.sp..CAG.38",-0.417190257906671,0.11553736865238,0.000319256412888204,0.00305375699284369,1083,540
"loCRC_vs_OlderCtrl","species","species.Enterocloster.bolteae",0.321756825634257,0.0904411662283339,0.000390547743001037,0.00358002097750951,1083,641
"loCRC_vs_OlderCtrl","species","species.Adlercreutzia.equolifaciens",-0.292116866978291,0.0829664678494909,0.000448146160688425,0.00402416960618177,1083,566
"loCRC_vs_OlderCtrl","species","species.Butyricimonas.virosa",0.320871879583031,0.0919197524806465,0.000501167090582946,0.00433347484490395,1083,557
"loCRC_vs_OlderCtrl","species","genus.Streptococcus",0.257064940989487,0.073941385135143,0.000528075662321794,0.00446833252733826,1083,315
"loCRC_vs_OlderCtrl","species","species.Bacteroides.fragilis",0.432681753321176,0.124720288246504,0.000542692112527413,0.00450536848135965,1083,575
"loCRC_vs_OlderCtrl","species","species.Coprococcus.eutactus",-0.349581948491997,0.10210261477831,0.000640723867508695,0.00522071299451529,1083,223
"loCRC_vs_OlderCtrl","species","species..Ruminococcus..lactaris",-0.392133515787198,0.116110397635633,0.000758389061585637,0.00575365064243552,1083,389
"loCRC_vs_OlderCtrl","species","species.Haemophilus.parainfluenzae",-0.302340485638274,0.0894999334954658,0.000756068305904011,0.00575365064243552,1083,530
"loCRC_vs_OlderCtrl","species","species.Bacteroides.nordii",0.194502262788737,0.0600930497116828,0.00124614606358432,0.00898859455700162,1083,172
"loCRC_vs_OlderCtrl","species","species.Gemmiger.formicilis",-0.296234456478139,0.0921297735272194,0.00134143403674671,0.0095198544543315,1083,729
"loCRC_vs_OlderCtrl","species","species.Streptococcus.thermophilus",-0.304553061730704,0.0950310141522725,0.00139154128902859,0.00971870106623143,1083,426
"loCRC_vs_OlderCtrl","species","species.Clostridium.sp..CAG.167",-0.191915475765549,0.0601248004313121,0.00145417051360393,0.00984361578439585,1083,109
"loCRC_vs_OlderCtrl","species","species.Fusicatenibacter.saccharivorans",-0.293445861098551,0.092449795272933,0.00154574253001961,0.0103049502001308,1083,909
"loCRC_vs_OlderCtrl","species","species.Rothia.mucilaginosa",-0.225120523415156,0.0734612412731363,0.00223481018069407,0.0132880605338567,1083,364
"loCRC_vs_OlderCtrl","species","species.Adlercreutzia.equolifaciens_1",-0.258790609423363,0.0843205442893173,0.0022007665682218,0.0132880605338567,1083,577
"loCRC_vs_OlderCtrl","species","species.Anaerotruncus.colihominis",0.231812750166153,0.077156141321002,0.00272214825823128,0.0159699364482902,1083,381
"loCRC_vs_OlderCtrl","species","species.Proteobacteria.bacterium.CAG.139",-0.268345521188784,0.0897615495944065,0.00285746937839762,0.0165432437696704,1083,285
"loCRC_vs_OlderCtrl","species","species.Agathobaculum.butyriciproducens",-0.235695501485214,0.0805733722734264,0.00351447651794712,0.0198252521525222,1083,921
"loCRC_vs_OlderCtrl","species","species.Enterocloster.citroniae",0.227668844199335,0.0783407782075111,0.00373433916914535,0.0207988510686576,1083,520
"loCRC_vs_OlderCtrl","species","species.Mogibacterium.diversum",0.190197902765618,0.0657333589299732,0.00388699701430779,0.0213784835786929,1083,368
"loCRC_vs_OlderCtrl","species","species.Prevotella.stercorea",0.261598776489271,0.0929342269772395,0.00496882876580719,0.0266620080116484,1083,154
"loCRC_vs_OlderCtrl","species","species.Streptococcus.australis",-0.189753016423225,0.0684179828494714,0.00564252627541374,0.0292083713080241,1083,282
"loCRC_vs_OlderCtrl","species","species.Anaerobutyricum.hallii",-0.224025456086011,0.081380810972665,0.00600846782935858,0.0303876533898595,1083,869
"loCRC_vs_OlderCtrl","species","species.Gemella.haemolysans",0.173516945603107,0.0637571524837889,0.00660297853389023,0.0326439388192326,1083,256
"loCRC_vs_OlderCtrl","species","species.Turicibacter.sanguinis",-0.211450638379209,0.077947543851666,0.00677965619260569,0.0327807552169946,1083,236
"loCRC_vs_OlderCtrl","species","species.Lachnospira.pectinoschiza",-0.347906632676092,0.128145356048879,0.00673499216738548,0.0327807552169946,1083,459
"loCRC_vs_OlderCtrl","species","species.Anaerotignum.lactatifermentans",0.244132728707098,0.0901482542309451,0.00687377930595941,0.0328745966806755,1083,224
"loCRC_vs_OlderCtrl","species","species.Oscillibacter.sp..57_20",-0.29336297873476,0.111694364828553,0.00875010664606485,0.0405268097291425,1083,564
"loCRC_vs_OlderCtrl","species","species.Escherichia.coli",0.313015559739549,0.120567298817527,0.00955519687660266,0.043343161089744,1083,764
"loCRC_vs_OlderCtrl","species","species.Roseburia.hominis",-0.255180244603807,0.0986070945947153,0.00978747232168808,0.0439437532810485,1083,765
"loCRC_vs_OlderCtrl","species","species.Blautia.wexlerae",-0.198682249478557,0.0769887383323312,0.00999297800833219,0.0439691032366617,1083,955
"loCRC_vs_OlderCtrl","species","species.Bifidobacterium.longum",-0.288353005622129,0.113685742030337,0.0113404315199848,0.0475218082742221,1083,832
"loCRC_vs_OlderCtrl","species","species.Roseburia.inulinivorans",-0.265432723095127,0.105296417416411,0.0118522848419858,0.0491981634950352,1083,870
"loCRC_vs_OlderCtrl","species","species.Roseburia.sp..CAG.471",-0.18434911340315,0.0740528874878828,0.0129455469561471,0.0532340248663991,1083,267
"loCRC_vs_OlderCtrl","species","species.Methanobrevibacter.smithii",0.241658297007955,0.0990131673449424,0.0148209645452364,0.0577099504416283,1083,303
"loCRC_vs_OlderCtrl","species","species.Parabacteroides.distasonis",0.234207785786001,0.0959420817285095,0.0148019370946776,0.0577099504416283,1083,913
"loCRC_vs_OlderCtrl","species","species.Bifidobacterium.bifidum",-0.244307767565683,0.0999756963382704,0.0146985657137842,0.0577099504416283,1083,199
"loCRC_vs_OlderCtrl","species","species.Turicimonas.muris",-0.160847211183021,0.065841847222712,0.0147284352464941,0.0577099504416283,1083,216
"loCRC_vs_OlderCtrl","species","species.Bifidobacterium.adolescentis",-0.319052298644644,0.131438982861692,0.0153718571817861,0.0593299750875954,1083,605
"loCRC_vs_OlderCtrl","species","species..Ruminococcus..gnavus",0.293994874083831,0.123352131569815,0.0173275081375798,0.0635341965044594,1083,771
"loCRC_vs_OlderCtrl","species","species.Eisenbergiella.massiliensis",0.172705472970652,0.0730194774706996,0.0181974111471637,0.0656300074160002,1083,230
"loCRC_vs_OlderCtrl","species","species.Firmicutes.bacterium.CAG.170",-0.155701453982846,0.0659278872442247,0.018369664319555,0.0657126203301155,1083,155
"loCRC_vs_OlderCtrl","species","species.Blautia.producta",-0.143238717859088,0.0616413158156325,0.0203249385297088,0.0709759758180307,1083,135
"loCRC_vs_OlderCtrl","species","species.Streptococcus.mitis",0.191621339517471,0.0827567916718203,0.0207745443806038,0.071509892323045,1083,479
"loCRC_vs_OlderCtrl","species","species.Butyricimonas.synergistica",0.177771076689571,0.0767923971294792,0.020802877766704,0.071509892323045,1083,337
"loCRC_vs_OlderCtrl","species","species.Parabacteroides.merdae",0.274761408306839,0.120652541740885,0.0229643980388909,0.0762939721698517,1083,747
"loCRC_vs_OlderCtrl","species","species.Streptococcus.oralis",0.179370345115196,0.0815580103616809,0.0280689104808209,0.0901483256318334,1083,431
"loCRC_vs_OlderCtrl","species","species.Bacteroides.caccae",0.276586840709262,0.125683347179887,0.0279714029665168,0.0901483256318334,1083,662
"loCRC_vs_OlderCtrl","species","species.Streptococcus.mutans",-0.139588157381938,0.0647361627518195,0.0312843978767325,0.0987917205513345,1083,180
"loCRC_vs_OlderCtrl","species","species.Bacteroides.thetaiotaomicron",0.204253374003814,0.0959428081344851,0.0334891719433037,0.104505217411728,1083,901
"loCRC_vs_OlderCtrl","species","species.Intestinimonas.butyriciproducens",0.180805813756889,0.0855446286504657,0.0347804711632224,0.107770474026886,1083,447
"loCRC_vs_OlderCtrl","species","species.Lancefieldella.parvula",0.0906610148486983,0.0433684332774399,0.036809014880149,0.111809773379943,1083,98
"loCRC_vs_OlderCtrl","species","species.Parasutterella.excrementihominis",-0.206343239341376,0.100456406437682,0.0402113423893352,0.119547234130456,1083,414
"loCRC_vs_OlderCtrl","species","species.Klebsiella.variicola",-0.179502810321369,0.0872799997462934,0.0399630104247906,0.119547234130456,1083,241
"loCRC_vs_OlderCtrl","species","species.Eubacterium.sp..CAG.274",-0.197717784167408,0.0963981844598721,0.0405034947492555,0.119607635501157,1083,276
"loCRC_vs_OlderCtrl","species","species.Adlercreutzia.caecimuris",-0.0871563973477668,0.0426083665231099,0.0410468857566714,0.119644558559997,1083,231
"loCRC_vs_OlderCtrl","species","species.Alistipes.indistinctus",0.173925774176423,0.0850332782985195,0.0410598371421807,0.119644558559997,1083,378
"loCRC_vs_OlderCtrl","species","species.Pseudoflavonifractor.sp..An184",0.100640397163394,0.0495855741199576,0.0426399169310302,0.123199736193101,1083,93
"loCRC_vs_OlderCtrl","species","species.Collinsella.aerofaciens",0.216012699479237,0.106746870582201,0.0432584546691202,0.123595584768915,1083,898
"loCRC_vs_OlderCtrl","species","species.Firmicutes.bacterium.CAG.95",-0.142155687312989,0.0705020752164443,0.0440132179231675,0.124046244003064,1083,211
"loCRC_vs_OlderCtrl","species","species.Lactobacillus.rogosae",-0.143508375695304,0.0714381714524266,0.0448023553050813,0.124766052748328,1083,249
"loCRC_vs_OlderCtrl","species","species.Streptococcus.sp..A12",-0.105349426112072,0.0532884428106002,0.048300357058106,0.130381331935992,1083,184
"loCRC_vs_OlderCtrl","species","species.Dorea.sp..CAG.317",-0.151267687276191,0.0763731565443498,0.0478868656673502,0.130381331935992,1083,171
"loCRC_vs_OlderCtrl","species","species.Alistipes.finegoldii",0.199657714153242,0.101316775928558,0.0490229807078796,0.130727948554346,1083,666
"loCRC_vs_OlderCtrl","species","species..Clostridium..scindens",0.103915172049072,0.0529497253797921,0.0499592693400967,0.132214699368204,1083,115
"loCRC_vs_OlderCtrl","species","species.Phocaeicola.plebeius",0.265737951521572,0.137186889151131,0.0530010130878263,0.136102169448769,1083,385
"loCRC_vs_OlderCtrl","species","species.Bilophila.wadsworthia",0.162219100695733,0.0836535988598768,0.0527416411642845,0.136102169448769,1083,665
"loCRC_vs_OlderCtrl","species","species.Parabacteroides.goldsteinii",0.170566341925442,0.0879014441890398,0.0525889594089124,0.136102169448769,1083,337
"loCRC_vs_OlderCtrl","species","species.Akkermansia.muciniphila",0.231023168110162,0.123038058482245,0.0606990143757484,0.151747535939371,1083,552
"loCRC_vs_OlderCtrl","species","species.Holdemania.filiformis",0.147347615887372,0.0788977386015422,0.0620930636129324,0.152630994355811,1083,455
"loCRC_vs_OlderCtrl","species","species.Bifidobacterium.pseudocatenulatum",-0.221327634158069,0.118501381882464,0.0620729785295196,0.152630994355811,1083,452
"loCRC_vs_OlderCtrl","species","species..Eubacterium..rectale",-0.232507979477758,0.125845631275967,0.0649397213828597,0.158741541158101,1083,812
"loCRC_vs_OlderCtrl","species","species.Alistipes.shahii",0.167773800336184,0.0911423003601745,0.0659282179444841,0.160267491135763,1083,670
"loCRC_vs_OlderCtrl","species","species.Megamonas.funiformis",0.165183102537491,0.0908191260737003,0.0692181452825323,0.165521651762577,1083,184
"loCRC_vs_OlderCtrl","species","species.Christensenella.hongkongensis",0.0921611028728253,0.0514490577124923,0.07352519127114,0.170268863996324,1083,148
"loCRC_vs_OlderCtrl","species","species.Ruminococcaceae.bacterium.D16",0.107220731528913,0.0598305482787311,0.0734010557791418,0.170268863996324,1083,149
"loCRC_vs_OlderCtrl","species","species.Fusobacterium.mortiferum",0.158464174212484,0.0886421649626637,0.0741087504452843,0.170721728774477,1083,146
"loCRC_vs_OlderCtrl","species","species.Actinomyces.sp..ICM47",-0.118074292512402,0.0662379841426638,0.0749374918704989,0.171731752203227,1083,266
"loCRC_vs_OlderCtrl","species","species.Eubacterium.ramulus",-0.173643758881511,0.0977758322944146,0.0760264891725745,0.173324638528149,1083,666
"loCRC_vs_OlderCtrl","species","species..Clostridium..spiroforme",-0.143059294245119,0.0810634721111961,0.0778838547450328,0.174841306570482,1083,313
"loCRC_vs_OlderCtrl","species","species.Dielma.fastidiosa",0.102490683694847,0.0580570900810454,0.077789378197802,0.174841306570482,1083,176
"loCRC_vs_OlderCtrl","species","species.Allisonella.histaminiformans",0.120622836500552,0.0686355077411629,0.0791273031078353,0.175838451350745,1083,233
"loCRC_vs_OlderCtrl","species","species.Streptococcus.parasanguinis",-0.15116286087072,0.0890013311104431,0.0897156016376317,0.195420122379,1083,846
"loCRC_vs_OlderCtrl","species","species.Bacteroides.intestinalis",-0.153913573954543,0.0929872350601396,0.0981736777117319,0.211747148005696,1083,255
"loCRC_vs_OlderCtrl","species","species.Firmicutes.bacterium.CAG.94",0.122326926060668,0.0745912712416471,0.101305605883424,0.21638090577042,1083,255
"loCRC_vs_OlderCtrl","species","species.Phocaeicola.vulgatus",0.178773745408846,0.113494160789744,0.115509607147191,0.241607741086554,1083,940
"loCRC_vs_OlderCtrl","species","species.Veillonella.infantium",-0.109872427746191,0.0699311979574474,0.11644218035397,0.241672449791258,1083,273
"loCRC_vs_OlderCtrl","species","species.Veillonella.parvula",0.160247625962074,0.10270283269439,0.118982678189907,0.244637282259622,1083,535
"loCRC_vs_OlderCtrl","species","species.Actinomyces.sp..HMSC035G02",0.0782902278628907,0.0506709328283379,0.122623355482129,0.247496680789618,1083,167
"loCRC_vs_OlderCtrl","species","species.Eubacterium.sp..CAG.180",0.21131790283653,0.136284819750296,0.1213009529488,0.247496680789618,1083,434
"loCRC_vs_OlderCtrl","species","species.Lawsonibacter.asaccharolyticus",0.117577687490287,0.076004835901062,0.122163914305872,0.247496680789618,1083,739
"loCRC_vs_OlderCtrl","species","species.Ruminococcaceae.bacterium.D5",0.0997614490273059,0.0644810714279116,0.122123314814856,0.247496680789618,1083,163
"loCRC_vs_OlderCtrl","pathways","GLYCOGENSYNTH.PWY..glycogen.biosynthesis.I..from.ADP.D.Glucose.",-0.0979956797592978,0.0151056943419812,1.33173809712446e-10,2.2319930507806e-08,1083,1083
"loCRC_vs_OlderCtrl","pathways","GLUTORN.PWY..L.ornithine.biosynthesis",-0.100960907041833,0.0159408067741716,3.51933545405604e-10,4.21314730071281e-08,1083,1083
"loCRC_vs_OlderCtrl","pathways","PWY.6527..stachyose.degradation",-0.0999984355990433,0.0163885054386659,1.46335117609575e-09,8.75920203977316e-08,1083,1083
"loCRC_vs_OlderCtrl","pathways","PWY.6588..pyruvate.fermentation.to.acetone",0.158022607472396,0.0265782811835273,3.72106598303113e-09,1.55912664689004e-07,1083,274
"loCRC_vs_OlderCtrl","pathways","PWY66.422..D.galactose.degradation.V..Leloir.pathway.",-0.0865348922955276,0.015261198695414,1.83242810378114e-08,4.06388653240549e-07,1083,1083
"loCRC_vs_OlderCtrl","pathways","PWY.6317..galactose.degradation.I..Leloir.pathway.",-0.0883201705055055,0.0156001694165637,1.92567655616962e-08,4.13773577966704e-07,1083,1083
"loCRC_vs_OlderCtrl","pathways","ARGSYNBSUB.PWY..L.arginine.biosynthesis.II..acetyl.cycle.",-0.0902695040813395,0.0161440134154855,2.85500136949119e-08,5.43747988098549e-07,1083,1083
"loCRC_vs_OlderCtrl","pathways","P163.PWY..L.lysine.fermentation.to.acetate.and.butanoate",0.148964813231841,0.0268381055112297,3.58693151667842e-08,5.98959914316152e-07,1083,14
"loCRC_vs_OlderCtrl","pathways","PWY.7357..thiamin.formation.from.pyrithiamine.and.oxythiamine..yeast.",-0.0951283552975813,0.0171957563711164,3.97507907527485e-08,6.16873382422282e-07,1083,1082
"loCRC_vs_OlderCtrl","pathways","TRPSYN.PWY..L.tryptophan.biosynthesis",-0.0902654034180108,0.0163532704307073,4.25676004699027e-08,6.48575439886882e-07,1083,1082
"loCRC_vs_OlderCtrl","pathways","ARGSYN.PWY..L.arginine.biosynthesis.I..via.L.ornithine.",-0.0879541765258888,0.0159527042883719,4.40774279542392e-08,6.59587225458079e-07,1083,1083
"loCRC_vs_OlderCtrl","pathways","PWY.7400..L.arginine.biosynthesis.IV..archaebacteria.",-0.0880144057633339,0.0159740944921135,4.4966008591097e-08,6.61079214023496e-07,1083,1083
"loCRC_vs_OlderCtrl","pathways","PWY.621..sucrose.degradation.III..sucrose.invertase.",-0.0910328714821087,0.0171737529789063,1.40002695035505e-07,1.52366569402276e-06,1083,1073
"loCRC_vs_OlderCtrl","pathways","PWY.5138..unsaturated..even.numbered.fatty.acid..beta..oxidation",0.165875336513278,0.0318967253279837,2.38027115689357e-07,2.37460384461525e-06,1083,272
"loCRC_vs_OlderCtrl","pathways","PWY.6936..seleno.amino.acid.biosynthesis",-0.0709714798099006,0.0137600192202025,2.97452328920951e-07,2.89843083297392e-06,1083,1083
"loCRC_vs_OlderCtrl","pathways","PWY.7111..pyruvate.fermentation.to.isobutanol..engineered.",-0.0766529528789869,0.0148735102501594,3.03917139162923e-07,2.92738577722448e-06,1083,1083
"loCRC_vs_OlderCtrl","pathways","PWY.7237..myo...chiro..and.scillo.inositol.degradation",-0.10920755339257,0.0212544991155944,3.29342602695055e-07,3.06654556731618e-06,1083,1081
"loCRC_vs_OlderCtrl","pathways","ILEUSYN.PWY..L.isoleucine.biosynthesis.I..from.threonine.",-0.0779224336490485,0.0153119574082088,4.24762539712176e-07,3.78671285402982e-06,1083,1083
"loCRC_vs_OlderCtrl","pathways","VALSYN.PWY..L.valine.biosynthesis",-0.0779224336490485,0.0153119574082088,4.24762539712176e-07,3.78671285402982e-06,1083,1083
"loCRC_vs_OlderCtrl","pathways","PWY.6151..S.adenosyl.L.methionine.cycle.I",-0.0883605600125423,0.0174121325651012,4.57189947937684e-07,4.03289659338715e-06,1083,1083
"loCRC_vs_OlderCtrl","pathways","COBALSYN.PWY..adenosylcobalamin.salvage.from.cobinamide.I",-0.0827397732987124,0.0164478421353806,5.73397102817292e-07,5.00527887667595e-06,1083,1080
"loCRC_vs_OlderCtrl","pathways","PWY.6737..starch.degradation.V",-0.0830875718025822,0.0165271677426891,5.82483705914607e-07,5.03217882016949e-06,1083,1083
"loCRC_vs_OlderCtrl","pathways","HSERMETANA.PWY..L.methionine.biosynthesis.III",-0.0849663171395453,0.0169289092675197,6.0771554340874e-07,5.19658801404617e-06,1083,1078
"loCRC_vs_OlderCtrl","pathways","PWY0.1296..purine.ribonucleosides.degradation",-0.0770066965713322,0.015616566951338,9.47002177801121e-07,7.78027279409156e-06,1083,1083
"loCRC_vs_OlderCtrl","pathways","COMPLETE.ARO.PWY..superpathway.of.aromatic.amino.acid.biosynthesis",-0.0748994631443012,0.0153590522132497,1.24244531547258e-06,9.82235070156626e-06,1083,1083
"loCRC_vs_OlderCtrl","pathways","PWY.5088..L.glutamate.degradation.VIII..to.propanoate.",0.127511194106934,0.026736923906799,2.1045838740585e-06,1.54705376005353e-05,1083,10
"loCRC_vs_OlderCtrl","pathways","PWY4LZ.257..superpathway.of.fermentation..Chlamydomonas.reinhardtii.",0.128085844109135,0.0271685963896229,2.74133372014651e-06,1.9975979630285e-05,1083,384
"loCRC_vs_OlderCtrl","pathways","ARO.PWY..chorismate.biosynthesis.I",-0.0727059017963337,0.0154287632711975,2.77019529929321e-06,2.00122729379975e-05,1083,1083
"loCRC_vs_OlderCtrl","pathways","BRANCHED.CHAIN.AA.SYN.PWY..superpathway.of.branched.amino.acid.biosynthesis",-0.0723555770141264,0.015407557341474,2.99507857845921e-06,2.14519303311865e-05,1083,1083
"loCRC_vs_OlderCtrl","pathways","PWY.5103..L.isoleucine.biosynthesis.III",-0.072432801071988,0.0155968184304594,3.83903064163277e-06,2.57368614215061e-05,1083,1083
"loCRC_vs_OlderCtrl","pathways","UDPNAGSYN.PWY..UDP.N.acetyl.D.glucosamine.biosynthesis.I",-0.0699571328569655,0.0150384006085093,3.6986874553727e-06,2.57368614215061e-05,1083,1083
"loCRC_vs_OlderCtrl","pathways","PWY.5100..pyruvate.fermentation.to.acetate.and.lactate.II",-0.0749363438498592,0.0162331464077302,4.37980327407604e-06,2.86740245599666e-05,1083,1083
"loCRC_vs_OlderCtrl","pathways","PWY.5177..glutaryl.CoA.degradation",-0.0903860413689677,0.0195785088656081,4.37225821921535e-06,2.86740245599666e-05,1083,1026
"loCRC_vs_OlderCtrl","pathways","PWY.5918..superpathay.of.heme.biosynthesis.from.glutamate",0.144268793724891,0.0316200860914023,5.63547384284238e-06,3.60498250404726e-05,1083,234
"loCRC_vs_OlderCtrl","pathways","OANTIGEN.PWY..O.antigen.building.blocks.biosynthesis..E..coli.",-0.0700086672412824,0.0153973048634921,6.0652575644685e-06,3.85051957501864e-05,1083,1082
"loCRC_vs_OlderCtrl","pathways","P161.PWY..acetylene.degradation",0.131012647320818,0.0290011505517387,6.94905697554916e-06,4.34575354142552e-05,1083,330
"loCRC_vs_OlderCtrl","pathways","PWY0.1586..peptidoglycan.maturation..meso.diaminopimelate.containing.",-0.0545146855239304,0.0123437857207319,1.10505713427105e-05,6.61455627513673e-05,1083,1083
"loCRC_vs_OlderCtrl","pathways","PWY.1042..glycolysis.IV..plant.cytosol.",-0.0684907812582118,0.015634055162152,1.29789688362763e-05,7.50094888606865e-05,1083,1083
"loCRC_vs_OlderCtrl","pathways","HISTSYN.PWY..L.histidine.biosynthesis",-0.0770791940054277,0.0176467042151093,1.37556730032395e-05,7.89537943610595e-05,1083,1083
"loCRC_vs_OlderCtrl","pathways","PWY.7288..fatty.acid..beta..oxidation..peroxisome..yeast.",0.147948024823102,0.0342214110716268,1.68019833335408e-05,9.51355542804543e-05,1083,83
"loCRC_vs_OlderCtrl","pathways","PWY0.1061..superpathway.of.L.alanine.biosynthesis",-0.136201338851433,0.0315354151844909,1.71239178501347e-05,9.63076722041135e-05,1083,821
"loCRC_vs_OlderCtrl","pathways","NONOXIPENT.PWY..pentose.phosphate.pathway..non.oxidative.branch.",-0.0520105642894205,0.0122029248933872,2.20293244742114e-05,0.000119873856554475,1083,1083
"loCRC_vs_OlderCtrl","pathways","CALVIN.PWY..Calvin.Benson.Bassham.cycle",-0.0563358196708124,0.0133337863937186,2.5919453234275e-05,0.000140132269744016,1083,1083
"loCRC_vs_OlderCtrl","pathways","P162.PWY..L.glutamate.degradation.V..via.hydroxyglutarate.",0.165203569864176,0.0391385682533872,2.63796351393918e-05,0.0001415635136198,1083,131
"loCRC_vs_OlderCtrl","pathways","PWY.5189..tetrapyrrole.biosynthesis.II..from.glycine.",0.137881299663962,0.0327489205108138,2.76419568193396e-05,0.000144774748841291,1083,194
"loCRC_vs_OlderCtrl","pathways","PWY66.391..fatty.acid..beta..oxidation.VI..peroxisome.",0.152175998582619,0.0362099826523357,2.85794375936791e-05,0.000148755085114926,1083,129
"loCRC_vs_OlderCtrl","pathways","GALACTARDEG.PWY..D.galactarate.degradation.I",0.125421035646231,0.0301126670119724,3.36250331021497e-05,0.000172869802083444,1083,290
"loCRC_vs_OlderCtrl","pathways","GLUCARGALACTSUPER.PWY..superpathway.of.D.glucarate.and.D.galactarate.degradation",0.125421035646231,0.0301126670119724,3.36250331021497e-05,0.000172869802083444,1083,290
"loCRC_vs_OlderCtrl","pathways","PWY.6163..chorismate.biosynthesis.from.3.dehydroquinate",-0.068126157882548,0.016368446976409,3.40650391013406e-05,0.000173271343418613,1083,1083
"loCRC_vs_OlderCtrl","pathways","PWY66.400..glycolysis.VI..metazoan.",-0.0538776839547458,0.0129796093943052,3.57306134837598e-05,0.000179294934726891,1083,1082
"loCRC_vs_OlderCtrl","pathways","PWY.5188..tetrapyrrole.biosynthesis.I..from.glutamate.",-0.0669864307571365,0.0162331805016272,3.96832161318759e-05,0.000195614912461835,1083,1080
"loCRC_vs_OlderCtrl","pathways","P621.PWY..nylon.6.oligomer.degradation",-0.12750673670469,0.0310573954776406,4.33989965479453e-05,0.000211443948297548,1083,35
"loCRC_vs_OlderCtrl","pathways","PWY.5845..superpathway.of.menaquinol.9.biosynthesis",0.146524440181538,0.0359723690270443,4.97715507685006e-05,0.000241089939560714,1083,502
"loCRC_vs_OlderCtrl","pathways","PWY.6386..UDP.N.acetylmuramoyl.pentapeptide.biosynthesis.II..lysine.containing.",-0.0687255544830271,0.0169485855391301,5.37673553266495e-05,0.000253129459346811,1083,1083
"loCRC_vs_OlderCtrl","pathways","PWY.5862..superpathway.of.demethylmenaquinol.9.biosynthesis",0.135092801695383,0.0334135562069717,5.65283303193455e-05,0.000264641010098388,1083,352
"loCRC_vs_OlderCtrl","pathways","HISDEG.PWY..L.histidine.degradation.I",0.106856641061212,0.0264883237663497,5.86971648532712e-05,0.000271758144458792,1083,994
"loCRC_vs_OlderCtrl","pathways","PWY.724..superpathway.of.L.lysine..L.threonine.and.L.methionine.biosynthesis.II",-0.0602661301972131,0.0149569021405708,5.98835443217892e-05,0.000275727528250875,1083,1083
"loCRC_vs_OlderCtrl","pathways","PWY.3001..superpathway.of.L.isoleucine.biosynthesis.I",-0.054441811448879,0.0135331950086196,6.15309032510236e-05,0.000278718361753285,1083,1083
"loCRC_vs_OlderCtrl","pathways","ANAEROFRUCAT.PWY..homolactic.fermentation",-0.0530387583482726,0.0134625505492975,8.68374528021281e-05,0.000371274415551956,1083,1081
"loCRC_vs_OlderCtrl","pathways","MET.SAM.PWY..superpathway.of.S.adenosyl.L.methionine.biosynthesis",-0.0579794965146637,0.0147469864755056,8.97892935413963e-05,0.000381946334962894,1083,1079
"loCRC_vs_OlderCtrl","pathways","GLYCOLYSIS..glycolysis.I..from.glucose.6.phosphate.",-0.0505802992842894,0.0129026809965994,9.40976555552593e-05,0.000398251693713673,1083,1082
"loCRC_vs_OlderCtrl","pathways","PWY.6387..UDP.N.acetylmuramoyl.pentapeptide.biosynthesis.I..meso.diaminopimelate.containing.",-0.0659615145345195,0.0169015282803299,0.000101045923717462,0.00042127604017529,1083,1083
"loCRC_vs_OlderCtrl","pathways","PWY.5097..L.lysine.biosynthesis.VI",-0.0645599487822695,0.0165576979509137,0.000102544017688465,0.000425405380311553,1083,1083
"loCRC_vs_OlderCtrl","pathways","DENITRIFICATION.PWY..nitrate.reduction.I..denitrification.",-0.0628553036960392,0.0161427109489559,0.000104810174696793,0.00043266466204883,1083,1
"loCRC_vs_OlderCtrl","pathways","PWY.5677..succinate.fermentation.to.butanoate",0.106090498713392,0.0273576310590737,0.000111739137166746,0.000459006847773204,1083,4
"loCRC_vs_OlderCtrl","pathways","PWY.4242..pantothenate.and.coenzyme.A.biosynthesis.III",-0.0639265820164303,0.016612239735838,0.00012602361237922,0.000515159937433104,1083,1083
"loCRC_vs_OlderCtrl","pathways","DAPLYSINESYN.PWY..L.lysine.biosynthesis.I",-0.0821234548835819,0.0213971353456712,0.000131256718222402,0.000533947232380449,1083,985
"loCRC_vs_OlderCtrl","pathways","GLUCARDEG.PWY..D.glucarate.degradation.I",0.105216432559838,0.027635934133296,0.000148477810302043,0.000598194254966884,1083,160
"loCRC_vs_OlderCtrl","pathways","PWY.6122..5.aminoimidazole.ribonucleotide.biosynthesis.II",-0.0618891801570746,0.0163097253874971,0.000156129905845882,0.000620079910421087,1083,1083
"loCRC_vs_OlderCtrl","pathways","PWY.6277..superpathway.of.5.aminoimidazole.ribonucleotide.biosynthesis",-0.0618891801570746,0.0163097253874971,0.000156129905845882,0.000620079910421087,1083,1083
"loCRC_vs_OlderCtrl","pathways","PYRIDOXSYN.PWY..pyridoxal.5..phosphate.biosynthesis.I",0.091964317909876,0.0244893878345456,0.000182458531708062,0.00071784154728336,1083,987
"loCRC_vs_OlderCtrl","pathways","COA.PWY.1..coenzyme.A.biosynthesis.II..mammalian.",-0.0631350076380782,0.0169222233688445,0.00020078274758819,0.000782585778971644,1083,1083
"loCRC_vs_OlderCtrl","pathways","PEPTIDOGLYCANSYN.PWY..peptidoglycan.biosynthesis.I..meso.diaminopimelate.containing.",-0.0630876615853805,0.0170059409251055,0.000218086584806683,0.000842196120129034,1083,1083
"loCRC_vs_OlderCtrl","pathways","PWY.6121..5.aminoimidazole.ribonucleotide.biosynthesis.I",-0.0574626199892416,0.015521731572058,0.00022471283996017,0.000859860090806495,1083,1083
"loCRC_vs_OlderCtrl","pathways","COA.PWY..coenzyme.A.biosynthesis.I",-0.0614002633439535,0.0166088511815158,0.000229327722890889,0.000873082879527163,1083,1083
"loCRC_vs_OlderCtrl","pathways","PWY.5667..CDP.diacylglycerol.biosynthesis.I",-0.0554922020482481,0.0150872431131671,0.000246633427280324,0.000922673268129071,1083,1083
"loCRC_vs_OlderCtrl","pathways","P125.PWY..superpathway.of..R.R..butanediol.biosynthesis",-0.116225477941029,0.0315946313828065,0.000246105715456346,0.000922673268129071,1083,48
"loCRC_vs_OlderCtrl","pathways","PWY0.1319..CDP.diacylglycerol.biosynthesis.II",-0.0554069408710561,0.01507981376737,0.000250326699796587,0.000924113543742467,1083,1083
"loCRC_vs_OlderCtrl","pathways","PWY.6385..peptidoglycan.biosynthesis.III..mycobacteria.",-0.0606759652479569,0.0165063722236558,0.000248710649527778,0.000924113543742467,1083,1083
"loCRC_vs_OlderCtrl","pathways","METSYN.PWY..L.homoserine.and.L.methionine.biosynthesis",-0.0537672098842232,0.0151358528940853,0.000398463461578693,0.00139712293222989,1083,1077
"loCRC_vs_OlderCtrl","pathways","PWY.5347..superpathway.of.L.methionine.biosynthesis..transsulfuration.",-0.0506029263344497,0.0143194492701989,0.000426987426584441,0.00149089776449067,1083,1079
"loCRC_vs_OlderCtrl","pathways","PWY490.3..nitrate.reduction.VI..assimilatory.",-0.0806845182286089,0.0229707717080225,0.000462397944066689,0.00160784015405762,1083,1
"loCRC_vs_OlderCtrl","pathways","PWY.6318..L.phenylalanine.degradation.IV..mammalian..via.side.chain.",0.109461896516646,0.0312037894065729,0.00047019102197275,0.0016281821339387,1083,53
"loCRC_vs_OlderCtrl","pathways","PWY.5686..UMP.biosynthesis",-0.0617122122993538,0.0176865499491586,0.000504070119300324,0.00171711691046208,1083,1083
"loCRC_vs_OlderCtrl","pathways","PWY.7221..guanosine.ribonucleotides.de.novo.biosynthesis",-0.0583945797944933,0.0168165458755959,0.000536258533265757,0.00180475763404299,1083,1083
"loCRC_vs_OlderCtrl","pathways","PWY.7219..adenosine.ribonucleotides.de.novo.biosynthesis",-0.0582949474853877,0.016863759323924,0.000567981468617263,0.00189628872789349,1083,1083
"loCRC_vs_OlderCtrl","pathways","THRESYN.PWY..superpathway.of.L.threonine.biosynthesis",-0.0473043052854152,0.0137457793261986,0.000601054361605372,0.0019908440910091,1083,1083
"loCRC_vs_OlderCtrl","pathways","PWY.6892..thiazole.biosynthesis.I..E..coli.",-0.0535831573969009,0.0158009646912669,0.0007214191899798,0.0023615206296995,1083,1083
"loCRC_vs_OlderCtrl","pathways","PWY.6897..thiamin.salvage.II",-0.0565309907175654,0.0166783720054579,0.000725669765529493,0.00236240269869722,1083,1082
"loCRC_vs_OlderCtrl","pathways","PWY.6609..adenine.and.adenosine.salvage.III",-0.0563234743158895,0.0168372961344905,0.000850763022895539,0.00271259892079157,1083,1083
"loCRC_vs_OlderCtrl","pathways","PWY0.845..superpathway.of.pyridoxal.5..phosphate.biosynthesis.and.salvage",0.0808629396311907,0.02416591715876,0.000847814844696452,0.00271259892079157,1083,1004
"loCRC_vs_OlderCtrl","pathways","HEME.BIOSYNTHESIS.II..heme.biosynthesis.I..aerobic.",0.0828659260401908,0.0247731481161978,0.000851328778243655,0.00271259892079157,1083,209
"loCRC_vs_OlderCtrl","pathways","DTDPRHAMSYN.PWY..dTDP.L.rhamnose.biosynthesis.I",-0.064160276902155,0.0194450840163412,0.00100013052887341,0.00317465675452999,1083,1082
"loCRC_vs_OlderCtrl","pathways","ANAGLYCOLYSIS.PWY..glycolysis.III..from.glucose.",-0.0456259851848392,0.0138416398823908,0.00101180021330421,0.00319957954244878,1083,1083
"loCRC_vs_OlderCtrl","pathways","PWY.2942..L.lysine.biosynthesis.III",-0.0528567198872211,0.0161166384632981,0.0010727772363598,0.00335443031369222,1083,1083
"loCRC_vs_OlderCtrl","pathways","PWY.5484..glycolysis.II..from.fructose.6.phosphate.",-0.042256052693808,0.0129143635730335,0.00110175017063329,0.00341950608515072,1083,1082
"loCRC_vs_OlderCtrl","pathways","PWY.7209..superpathway.of.pyrimidine.ribonucleosides.degradation",-0.11309097007766,0.0348468992064912,0.0012092203806278,0.00369827255097114,1083,110
"loCRC_vs_OlderCtrl","pathways","PWY.6700..queuosine.biosynthesis",-0.0589203190339378,0.0181857777158682,0.0012323019063359,0.00375515999094358,1083,1083
"loCRC_vs_OlderCtrl","pathways","PWY.5659..GDP.mannose.biosynthesis",-0.0503390504190431,0.015574599721239,0.00126611571379428,0.00384422089912902,1083,1081
"loCRC_vs_OlderCtrl","pathways","PWY.7196..superpathway.of.pyrimidine.ribonucleosides.salvage",-0.0934770503520683,0.0296203543847711,0.00164496814230167,0.00487096573586148,1083,873
"loCRC_vs_OlderCtrl","pathways","PWY.6435..4.hydroxybenzoate.biosynthesis.V",-0.0877499552535663,0.0279431256016199,0.00173359035962751,0.0050795409838037,1083,10
"loCRC_vs_OlderCtrl","pathways","PWY.5104..L.isoleucine.biosynthesis.IV",-0.0602461730526455,0.0193841076206423,0.00193303553419515,0.00558580612984667,1083,1074
"loCRC_vs_OlderCtrl","pathways","PWY.7242..D.fructuronate.degradation",-0.0609011583406082,0.0196818805121763,0.00202401375785169,0.0058286031927138,1083,999
"loCRC_vs_OlderCtrl","pathways","PWY.5920..superpathway.of.heme.biosynthesis.from.glycine",0.0958831935224598,0.0311490652434625,0.00213536494202079,0.00610728949287856,1083,65
"loCRC_vs_OlderCtrl","pathways","PWY.4041...gamma..glutamyl.cycle",-0.0566137889437165,0.0185286244342192,0.00230254328215101,0.00649419245737957,1083,997
"loCRC_vs_OlderCtrl","pathways","HOMOSER.METSYN.PWY..L.methionine.biosynthesis.I",-0.0512024005058661,0.0168029542077706,0.00236615309373768,0.00663155950686345,1083,999
"loCRC_vs_OlderCtrl","pathways","PWY.3841..folate.transformations.II",-0.0520304671022966,0.0171160317803632,0.00242411436521261,0.00674886324932947,1083,1083
"loCRC_vs_OlderCtrl","pathways","PWY.7115..C4.photosynthetic.carbon.assimilation.cycle..NAD.ME.type",-0.0831995602191428,0.0273624060452913,0.00241786343195906,0.00674886324932947,1083,683
"loCRC_vs_OlderCtrl","pathways","PWY.7316..dTDP.N.acetylviosamine.biosynthesis",0.11877528418699,0.0391624033419967,0.00248035129816494,0.00685984946489182,1083,87
"loCRC_vs_OlderCtrl","pathways","PWY.7229..superpathway.of.adenosine.nucleotides.de.novo.biosynthesis.I",-0.0394358133851331,0.0131969706768003,0.00286960016414186,0.00778228135129734,1083,1083
"loCRC_vs_OlderCtrl","pathways","PWY.6507..4.deoxy.L.threo.hex.4.enopyranuronate.degradation",-0.0527504880656728,0.0177079946863222,0.00295786140823395,0.00799576729064534,1083,1004
"loCRC_vs_OlderCtrl","pathways","PWY.5840..superpathway.of.menaquinol.7.biosynthesis",0.0933326834958985,0.0315557697742277,0.00316727693672053,0.00853433463978073,1083,536
"loCRC_vs_OlderCtrl","pathways","PWY.5136..fatty.acid..beta..oxidation.II..peroxisome.",0.0678061330864725,0.0230239407959232,0.00329880369844985,0.00874809335221828,1083,712
"loCRC_vs_OlderCtrl","pathways","PWY.5384..sucrose.degradation.IV..sucrose.phosphorylase.",-0.076745543322064,0.0260522740528106,0.0032903974868986,0.00874809335221828,1083,673
"loCRC_vs_OlderCtrl","pathways","P108.PWY..pyruvate.fermentation.to.propanoate.I",0.0725470447051641,0.0246067068018022,0.00326489366775778,0.00874809335221828,1083,592
"loCRC_vs_OlderCtrl","pathways","X1CMET2.PWY..N10.formyl.tetrahydrofolate.biosynthesis",-0.0461256848026505,0.0160085549425393,0.00403897948901261,0.0105113814030825,1083,1083
"loCRC_vs_OlderCtrl","pathways","PWY.6549..L.glutamine.biosynthesis.III",-0.0608488828049047,0.0211135290289289,0.00403046876431906,0.0105113814030825,1083,891
"loCRC_vs_OlderCtrl","pathways","TRNA.CHARGING.PWY..tRNA.charging",-0.049215434701148,0.0171572288844699,0.00420494146258894,0.0109094146924134,1083,1082
"loCRC_vs_OlderCtrl","pathways","BIOTIN.BIOSYNTHESIS.PWY..biotin.biosynthesis.I",0.0605674058817992,0.0215277986077392,0.00499082559657034,0.0127509507619693,1083,1014
"loCRC_vs_OlderCtrl","pathways","PWY.6305..putrescine.biosynthesis.IV",-0.0410164774979757,0.0146405644450768,0.00517696920078822,0.0131863227667493,1083,1080
"loCRC_vs_OlderCtrl","pathways","PWY.6113..superpathway.of.mycolate.biosynthesis",0.124479549672267,0.0446499348396321,0.00539858214720692,0.0136677094844695,1083,753
"loCRC_vs_OlderCtrl","pathways","PWY.5838..superpathway.of.menaquinol.8.biosynthesis.I",0.0951471580763525,0.0341173718086005,0.00538359968773745,0.0136677094844695,1083,652
"loCRC_vs_OlderCtrl","pathways","PWY.5505..L.glutamate.and.L.glutamine.biosynthesis",-0.0678615642482777,0.0244586409954858,0.00562388498239183,0.0140789766164552,1083,917
"loCRC_vs_OlderCtrl","pathways","METHGLYUT.PWY..superpathway.of.methylglyoxal.degradation",0.0803420020351666,0.0289595436575442,0.00562823050896477,0.0140789766164552,1083,196
"loCRC_vs_OlderCtrl","pathways","PWY.622..starch.biosynthesis",-0.129599998516825,0.0467447792587976,0.0056589858787557,0.0141137802571348,1083,324
"loCRC_vs_OlderCtrl","pathways","PWYG.321..mycolate.biosynthesis",0.0642192845370494,0.0232256872050516,0.00578969848725448,0.0143969357042114,1083,1007
"loCRC_vs_OlderCtrl","pathways","GALACT.GLUCUROCAT.PWY..superpathway.of.hexuronide.and.hexuronate.degradation",-0.0531410503633458,0.0192931961536316,0.00597956260067125,0.0147378631157721,1083,1023
"loCRC_vs_OlderCtrl","pathways","PWY.5861..superpathway.of.demethylmenaquinol.8.biosynthesis",0.0890209342432123,0.0323143261645571,0.00597130475257635,0.0147378631157721,1083,506
"loCRC_vs_OlderCtrl","pathways","PWY.5971..palmitate.biosynthesis.II..bacteria.and.plants.",0.133962514942853,0.0486562608647534,0.00600023919956853,0.0147454558628693,1083,843
"loCRC_vs_OlderCtrl","pathways","PWY.6270..isoprene.biosynthesis.I",-0.130260870846826,0.0473609043970457,0.00605251042171057,0.0148304202730803,1083,519
"loCRC_vs_OlderCtrl","pathways","FAO.PWY..fatty.acid..beta..oxidation.I",0.0640047976339352,0.0233181775159675,0.00615483798316432,0.0149934715985224,1083,755
"loCRC_vs_OlderCtrl","pathways","SER.GLYSYN.PWY..superpathway.of.L.serine.and.glycine.biosynthesis.I",-0.0397619369382667,0.014492432858633,0.00617757963830301,0.0150052514112983,1083,1083
"loCRC_vs_OlderCtrl","pathways","GLUCONEO.PWY..gluconeogenesis.I",-0.0316771917614545,0.0115687317029632,0.00628031851840499,0.0152107136370618,1083,1082
"loCRC_vs_OlderCtrl","pathways","PWY.6628..superpathway.of.L.phenylalanine.biosynthesis",0.124012225630862,0.0455505025317932,0.00658347974727091,0.0158533219201524,1083,546
"loCRC_vs_OlderCtrl","pathways","PWY.6126..superpathway.of.adenosine.nucleotides.de.novo.biosynthesis.II",-0.0351573851459812,0.0130487540496892,0.0071634156550707,0.0171023997690862,1083,1083
"loCRC_vs_OlderCtrl","pathways","PWY.6519..8.amino.7.oxononanoate.biosynthesis.I",0.0587705407089901,0.0218781690938205,0.00733725747548843,0.0174676754672139,1083,995
"loCRC_vs_OlderCtrl","pathways","PWY.6953..dTDP.3.acetamido.3.6.dideoxy..alpha..D.galactose.biosynthesis",0.0791905949074051,0.030102682826149,0.00864322189378513,0.0204028730901181,1083,33
"loCRC_vs_OlderCtrl","pathways","PWY.6168..flavin.biosynthesis.III..fungi.",-0.0451643343553958,0.0171838835081085,0.00870380485077072,0.0204881698453535,1083,1081
"loCRC_vs_OlderCtrl","pathways","PWY.7204..pyridoxal.5..phosphate.salvage.II..plants.",0.0888909304916322,0.0341829153093002,0.00943792750323081,0.0220921319768364,1083,88
"loCRC_vs_OlderCtrl","pathways","PWY.5695..urate.biosynthesis.inosine.5..phosphate.degradation",-0.0387660177493452,0.0149592929408961,0.00968721878408271,0.0225496926140592,1083,1083
"loCRC_vs_OlderCtrl","pathways","ARGININE.SYN4.PWY..L.ornithine.de.novo..biosynthesis",0.069472650455247,0.0268429264989503,0.00978070944089113,0.0227042507242847,1083,996
"loCRC_vs_OlderCtrl","pathways","PWY.5392..reductive.TCA.cycle.II",0.0545889713494505,0.0211025653912523,0.0098158857326306,0.0227122362349529,1083,2
"loCRC_vs_OlderCtrl","pathways","PWY.4722..creatinine.degradation.II",-0.0485314902821358,0.0187665578245054,0.00983835531418606,0.0227122362349529,1083,1
"loCRC_vs_OlderCtrl","pathways","THISYNARA.PWY..superpathway.of.thiamin.diphosphate.biosynthesis.III..eukaryotes.",-0.0429025594267957,0.0166086160733172,0.00992152168727639,0.0228413054229055,1083,1082
"loCRC_vs_OlderCtrl","pathways","PWY.6785..hydrogen.production.VIII",-0.0456678672709197,0.0177957931715895,0.0104161674559246,0.0239143789809995,1083,1
"loCRC_vs_OlderCtrl","pathways","PWY.7399..methylphosphonate.degradation.II",-0.0349224315674698,0.0136993908435539,0.0109354330714092,0.0250379587809861,1083,1
"loCRC_vs_OlderCtrl","pathways","P4.PWY..superpathway.of.L.lysine..L.threonine.and.L.methionine.biosynthesis.I",-0.0583359824898089,0.0230490791626027,0.0115174886537071,0.0262987888060124,1083,911
"loCRC_vs_OlderCtrl","pathways","PWY.5897..superpathway.of.menaquinol.11.biosynthesis",0.0852220602127538,0.033786343249034,0.0117999818771325,0.026653328337027,1083,615
"loCRC_vs_OlderCtrl","pathways","PWY.5898..superpathway.of.menaquinol.12.biosynthesis",0.0852220602127538,0.033786343249034,0.0117999818771325,0.026653328337027,1083,615
"loCRC_vs_OlderCtrl","pathways","PWY.5899..superpathway.of.menaquinol.13.biosynthesis",0.0852220602127538,0.033786343249034,0.0117999818771325,0.026653328337027,1083,615
"loCRC_vs_OlderCtrl","pathways","REDCITCYC..TCA.cycle.VIII..helicobacter.",0.0632179856153406,0.0250867980380823,0.0118806308546558,0.0267633566026924,1083,34
"loCRC_vs_OlderCtrl","pathways","PWY.6284..superpathway.of.unsaturated.fatty.acids.biosynthesis..E..coli.",0.098124890974461,0.0389823519371004,0.0119747068454987,0.0269029606877423,1083,450
"loCRC_vs_OlderCtrl","pathways","GLUCUROCAT.PWY..superpathway.of..beta..D.glucuronide.and.D.glucuronate.degradation",-0.0488195354448918,0.0194458077405365,0.012200795427872,0.0272647108494847,1083,1030
"loCRC_vs_OlderCtrl","pathways","PWY.101..photosynthesis.light.reactions",-0.0420012829183818,0.0167483324588692,0.0122956387856665,0.0274035779318844,1083,1
"loCRC_vs_OlderCtrl","pathways","PWY.7560..methylerythritol.phosphate.pathway.II",-0.11205706535071,0.0449585381563007,0.0128362468545156,0.0285325593211779,1083,532
"loCRC_vs_OlderCtrl","pathways","FOLSYN.PWY..superpathway.of.tetrahydrofolate.biosynthesis.and.salvage",0.0766628928293853,0.0307816781317071,0.0129054262303273,0.0286104422778155,1083,675
"loCRC_vs_OlderCtrl","pathways","PWY.5860..superpathway.of.demethylmenaquinol.6.biosynthesis.I",0.0956950880406092,0.0385356036857067,0.0131690896908085,0.0289650844118044,1083,212
"loCRC_vs_OlderCtrl","pathways","P124.PWY..Bifidobacterium.shunt",-0.114418298880847,0.0462896602191457,0.0135980791302629,0.0298303411286919,1083,395
"loCRC_vs_OlderCtrl","pathways","PWY.5850..superpathway.of.menaquinol.6.biosynthesis.I",0.103964690028221,0.0421370678149679,0.0137686621245264,0.0301256889304259,1083,313
"loCRC_vs_OlderCtrl","pathways","NONMEVIPP.PWY..methylerythritol.phosphate.pathway.I",-0.127869954877726,0.0521211115030466,0.0143123628517617,0.03119127297541,1083,702
"loCRC_vs_OlderCtrl","pathways","PWY.6612..superpathway.of.tetrahydrofolate.biosynthesis",0.0718420937229839,0.0292888907622871,0.0143301194457433,0.03119127297541,1083,501
"loCRC_vs_OlderCtrl","pathways","PWY.5896..superpathway.of.menaquinol.10.biosynthesis",0.103120679775822,0.0421553707140346,0.0145963018323213,0.0316316992396547,1083,313
"loCRC_vs_OlderCtrl","pathways","PWY.6210..2.aminophenol.degradation",-0.0334639453453363,0.0137701973958864,0.0152548329585283,0.0326945013279968,1083,1
"loCRC_vs_OlderCtrl","pathways","PWY0.781..aspartate.superpathway",-0.0550833095437544,0.0226771558788788,0.0153029502985107,0.0327139600769183,1083,918
"loCRC_vs_OlderCtrl","pathways","PANTOSYN.PWY..pantothenate.and.coenzyme.A.biosynthesis.I",-0.0413062252121545,0.0170684055492806,0.0156838201396629,0.0332735222203481,1083,1082
"loCRC_vs_OlderCtrl","pathways","P441.PWY..superpathway.of.N.acetylneuraminate.degradation",0.0468583416672449,0.0193735025483765,0.0157422929756525,0.0333132361454464,1083,1035
"loCRC_vs_OlderCtrl","pathways","PWY.5030..L.histidine.degradation.III",0.0764470176057381,0.0316631079228668,0.0159282951991799,0.0336219430148937,1083,930
"loCRC_vs_OlderCtrl","pathways","PWY4FS.8..phosphatidylglycerol.biosynthesis.II..non.plastidic.",-0.0404746241052691,0.0168817467277557,0.0166756338957758,0.0349354530116504,1083,1076
"loCRC_vs_OlderCtrl","pathways","PWY4FS.7..phosphatidylglycerol.biosynthesis.I..plastidic.",-0.0404520347875726,0.0168815689460385,0.0167351595117767,0.0349727273587753,1083,1076
"loCRC_vs_OlderCtrl","pathways","UDPNACETYLGALSYN.PWY..UDP.N.acetyl.D.glucosamine.biosynthesis.II",-0.040884040151708,0.0170883991028637,0.0169050408020976,0.0352398611745218,1083,4
"loCRC_vs_OlderCtrl","pathways","PWY.7332..superpathway.of.UDP.N.acetylglucosamine.derived.O.antigen.building.blocks.biosynthesis",0.121700316860648,0.0508955495179741,0.0169658180791855,0.0352592094392027,1083,481
"loCRC_vs_OlderCtrl","pathways","PWY.7046..4.coumarate.degradation..anaerobic.",-0.0639587188114984,0.0270103672118497,0.0180640816874521,0.0371933672090538,1083,69
"loCRC_vs_OlderCtrl","pathways","METH.ACETATE.PWY..methanogenesis.from.acetate",-0.0709291936989344,0.0301514982945228,0.0188313868438278,0.0383026751823487,1083,655
"loCRC_vs_OlderCtrl","pathways","PWY.6285..superpathway.of.fatty.acids.biosynthesis..E..coli.",0.109021133744776,0.0463413934231646,0.0188239585610569,0.0383026751823487,1083,403
"loCRC_vs_OlderCtrl","pathways","PWY.6478..GDP.D.glycero..alpha..D.manno.heptose.biosynthesis",0.0730805023414203,0.0312188072958047,0.0194185626792497,0.0394013450973638,1083,29
"loCRC_vs_OlderCtrl","pathways","NAD.BIOSYNTHESIS.II..NAD.salvage.pathway.II",0.0737946684166155,0.0316926620276594,0.0200734300679061,0.0404363807617916,1083,564
"loCRC_vs_OlderCtrl","pathways","P42.PWY..incomplete.reductive.TCA.cycle",0.0649356493077147,0.0281607872528136,0.021306682559603,0.0426403803803313,1083,501
"loCRC_vs_OlderCtrl","pathways","PWY.6282..palmitoleate.biosynthesis.I..from..5Z..dodec.5.enoate.",0.0508002698809987,0.0221144631688271,0.0218020491234603,0.0435002789653803,1083,996
"loCRC_vs_OlderCtrl","pathways","NAGLIPASYN.PWY..lipid.IVA.biosynthesis",0.0571146870561288,0.0250857498087621,0.0229958288277719,0.0453423636651125,1083,937
"loCRC_vs_OlderCtrl","pathways","PWY.6263..superpathway.of.menaquinol.8.biosynthesis.II",0.0917860274003154,0.0404290115490066,0.023386743187788,0.0460049079609539,1083,154
"loCRC_vs_OlderCtrl","pathways","PWY.5791..1.4.dihydroxy.2.naphthoate.biosynthesis.II..plants.",0.0653799212565838,0.0290967403876304,0.0248434832000802,0.0479696749347171,1083,229
"loCRC_vs_OlderCtrl","pathways","PWY.5837..1.4.dihydroxy.2.naphthoate.biosynthesis.I",0.0653799212565838,0.0290967403876304,0.0248434832000802,0.0479696749347171,1083,229
"loCRC_vs_OlderCtrl","pathways","PWY.6396..superpathway.of.2.3.butanediol.biosynthesis",-0.0451636549181031,0.0200781057781148,0.0246890806373585,0.0479696749347171,1083,7
"loCRC_vs_OlderCtrl","pathways","PWY.7664..oleate.biosynthesis.IV..anaerobic.",0.0496019052444121,0.0221178154982551,0.0251248350061631,0.0483424392830248,1083,1007
"loCRC_vs_OlderCtrl","pathways","PWY.6969..TCA.cycle.V..2.oxoglutarate.ferredoxin.oxidoreductase.",0.0595492146209477,0.0265583607368782,0.0251519135171824,0.0483424392830248,1083,867
"loCRC_vs_OlderCtrl","pathways","HEXITOLDEGSUPER.PWY..superpathway.of.hexitol.degradation..bacteria.",-0.0311281764219051,0.0140192928305871,0.0266011621535973,0.0506631224652604,1083,1070
"loCRC_vs_OlderCtrl","pathways","CITRULBIO.PWY..L.citrulline.biosynthesis",0.0541186718375535,0.0243931234810772,0.0267225217357788,0.050778850826718,1083,1019
"loCRC_vs_OlderCtrl","pathways","RIBOSYN2.PWY..flavin.biosynthesis.I..bacteria.and.plants.",-0.0428391991233685,0.0193941386670223,0.0273935187224416,0.0517021817328966,1083,1081
"loCRC_vs_OlderCtrl","pathways","PWY.5863..superpathway.of.phylloquinol.biosynthesis",0.0623119140050305,0.0282008057874524,0.0273448044436116,0.0517021817328966,1083,227
"loCRC_vs_OlderCtrl","pathways","PWY66.367..ketogenesis",0.044179875044817,0.0200399662851576,0.0276942804340003,0.0521523752891961,1083,3
"loCRC_vs_OlderCtrl","pathways","PYRIDNUCSYN.PWY..NAD.biosynthesis.I..from.aspartate.",-0.0356820669580016,0.0163150567359795,0.0289528791843241,0.0541573945456776,1083,1083
"loCRC_vs_OlderCtrl","pathways","PWY.7117..C4.photosynthetic.carbon.assimilation.cycle..PEPCK.type",-0.0546714623227805,0.0250722222976039,0.0294326260636587,0.0547424888399039,1083,921
"loCRC_vs_OlderCtrl","pathways","PWY.6572..chondroitin.sulfate.degradation.I..bacterial.",0.0783367083952443,0.0359314875377907,0.0294616497217144,0.0547424888399039,1083,97
"loCRC_vs_OlderCtrl","pathways","PWY.5367..petroselinate.biosynthesis",0.0766621732779313,0.0351949060015524,0.0296066746452745,0.0548902507803982,1083,193
"loCRC_vs_OlderCtrl","pathways","FASYN.ELONG.PWY..fatty.acid.elongation....saturated",0.0464962719705598,0.0216258481737242,0.0317757360581211,0.0583948833699682,1083,1020
"loCRC_vs_OlderCtrl","pathways","PWY.241..C4.photosynthetic.carbon.assimilation.cycle..NADP.ME.type",-0.0525174532459402,0.0245207436308433,0.0324376922912708,0.0593510614412335,1083,881
"loCRC_vs_OlderCtrl","pathways","PWY0.1479..tRNA.processing",-0.0459173934269545,0.0216094000589185,0.0338244019084643,0.0617534832228607,1083,973
"loCRC_vs_OlderCtrl","pathways","PWY.5989..stearate.biosynthesis.II..bacteria.and.plants.",0.0436079255206062,0.020545680056571,0.0340254257531699,0.0619854495242531,1083,1011
"loCRC_vs_OlderCtrl","pathways","PWY.6215..4.chlorobenzoate.degradation",-0.0295707134179637,0.013965696020154,0.0344570453954216,0.062635583603825,1083,1
"loCRC_vs_OlderCtrl","pathways","PWY0.862...5Z..dodec.5.enoate.biosynthesis",0.0466852100066227,0.0220742183449456,0.0346669070254308,0.0627448554801534,1083,992
"loCRC_vs_OlderCtrl","pathways","PWY.6123..inosine.5..phosphate.biosynthesis.I",-0.0342977105961693,0.0162443180069097,0.0349714723543055,0.0631596849847155,1083,1083
"loCRC_vs_OlderCtrl","pathways","PWY.5747..2.methylcitrate.cycle.II",0.0604265711625005,0.0286703237044798,0.0352939759203311,0.0635437628138583,1083,60
"loCRC_vs_OlderCtrl","pathways","PWY.6630..superpathway.of.L.tyrosine.biosynthesis",0.087830117380594,0.0416819263355028,0.0353357917318114,0.0635437628138583,1083,378
"loCRC_vs_OlderCtrl","pathways","P23.PWY..reductive.TCA.cycle.I",0.0604746529313862,0.028864666539873,0.0363941663190718,0.0650811155823341,1083,25
"loCRC_vs_OlderCtrl","pathways","PROPFERM.PWY..L.alanine.fermentation.to.propanoate.and.acetate",0.06133038319159,0.0292776105814366,0.0364236792459603,0.0650811155823341,1083,2
"loCRC_vs_OlderCtrl","pathways","PWY1G.0..mycothiol.biosynthesis",-0.0421137540154464,0.020096516214436,0.0363534665995732,0.0650811155823341,1083,1
"loCRC_vs_OlderCtrl","pathways","PWY.5121..superpathway.of.geranylgeranyl.diphosphate.biosynthesis.II..via.MEP.",-0.0903610846898611,0.0438584259791658,0.0396112198944765,0.0695895225819105,1083,594
"loCRC_vs_OlderCtrl","pathways","PWY.7385..1.3.propanediol.biosynthesis..engineered.",0.0667298734822761,0.0327288683808463,0.0417073146480731,0.0723617591616672,1083,59
"loCRC_vs_OlderCtrl","pathways","PWY.7456..mannan.degradation",-0.0504983320460654,0.0248901187558152,0.0427201331601599,0.0738133434808535,1083,993
"loCRC_vs_OlderCtrl","pathways","PWY.6471..peptidoglycan.biosynthesis.IV..Enterococcus.faecium.",-0.0552726352887693,0.0274064787609028,0.0439681384290766,0.0753482617659841,1083,1010
"loCRC_vs_OlderCtrl","pathways","PWY.6859..all.trans.farnesol.biosynthesis",0.0541247227453545,0.0269022167508748,0.0444796120059184,0.0758608655991437,1083,767
"loCRC_vs_OlderCtrl","pathways","PWY.5723..Rubisco.shunt",0.0843815977504901,0.0419528769121237,0.0445388375594018,0.0758608655991437,1083,312
"loCRC_vs_OlderCtrl","pathways","PWY.5675..nitrate.reduction.V..assimilatory.",0.0765030113123314,0.0381661262469731,0.0452701871714375,0.0767943660924384,1083,199
"loCRC_vs_OlderCtrl","pathways","GLYOXYLATE.BYPASS..glyoxylate.cycle",0.0727555354541762,0.0364519503063603,0.0461938927783532,0.078202994238909,1083,221
"loCRC_vs_OlderCtrl","pathways","PANTO.PWY..phosphopantothenate.biosynthesis.I",-0.0334626293266666,0.0168104458745871,0.0467793065680167,0.0790343929516089,1083,1082
"loCRC_vs_OlderCtrl","pathways","PWY.4702..phytate.degradation.I",0.0737542058922719,0.0379543219173735,0.0522487982515016,0.0875689858695167,1083,139
"loCRC_vs_OlderCtrl","pathways","PWY.4984..urea.cycle",0.0631250179933182,0.0325086354863121,0.0524239011190294,0.0876870841072787,1083,917
"loCRC_vs_OlderCtrl","pathways","PWY.5415..catechol.degradation.I..meta.cleavage.pathway.",-0.0338556869717172,0.0174518704827729,0.0526478588374397,0.0878862663461643,1083,2
"loCRC_vs_OlderCtrl","pathways","P105.PWY..TCA.cycle.IV..2.oxoglutarate.decarboxylase.",0.0783255990549749,0.0407099582108048,0.0546197674056702,0.0906363665068348,1083,313
"loCRC_vs_OlderCtrl","pathways","PWY0.162..superpathway.of.pyrimidine.ribonucleotides.de.novo.biosynthesis",0.0314018642561502,0.016350132324663,0.0550475815165369,0.0911657575313397,1083,1078
"loCRC_vs_OlderCtrl","pathways","GALACTUROCAT.PWY..D.galacturonate.degradation.I",-0.0344860146115045,0.0181521702748474,0.0577236020071181,0.0952212174841831,1083,1018
"loCRC_vs_OlderCtrl","pathways","PWY.6124..inosine.5..phosphate.biosynthesis.II",-0.031742176605991,0.0169981252592138,0.0621191214897632,0.101275921806268,1083,1083
"loCRC_vs_OlderCtrl","pathways","FASYN.INITIAL.PWY..superpathway.of.fatty.acid.biosynthesis.initiation..E..coli.",0.044449337309937,0.0237944499362076,0.0620267945753129,0.101275921806268,1083,978
"loCRC_vs_OlderCtrl","pathways","ENTBACSYN.PWY..enterobactin.biosynthesis",0.0843921867152073,0.0458468211329059,0.0659348875118908,0.106854601204893,1083,294
"loCRC_vs_OlderCtrl","pathways","POLYISOPRENSYN.PWY..polyisoprenoid.biosynthesis..E..coli.",0.0379751210150709,0.0211644934562778,0.0730493955912449,0.116600749534216,1083,953
"loCRC_vs_OlderCtrl","pathways","PWY.5913..TCA.cycle.VI..obligate.autotrophs.",-0.0473498275605178,0.0264477113971882,0.0736845390158369,0.117168204355354,1083,845
"loCRC_vs_OlderCtrl","pathways","PWY.561..superpathway.of.glyoxylate.cycle.and.fatty.acid.degradation",0.0712827808801282,0.039810892786252,0.0736496936523555,0.117168204355354,1083,254
"loCRC_vs_OlderCtrl","pathways","PWY.5994..palmitate.biosynthesis.I..animals.and.fungi.",-0.0866446954495988,0.04892554281205,0.0768520853432287,0.121973574843988,1083,247
"loCRC_vs_OlderCtrl","pathways","ASPASN.PWY..superpathway.of.L.aspartate.and.L.asparagine.biosynthesis",-0.0268552923576926,0.0152282194790263,0.0780967315480059,0.123248702518322,1083,1083
"loCRC_vs_OlderCtrl","pathways","FUC.RHAMCAT.PWY..superpathway.of.fucose.and.rhamnose.degradation",0.0402236359873257,0.02283909280007,0.0784937232482253,0.123642368575212,1083,912
"loCRC_vs_OlderCtrl","pathways","PWY0.1297..superpathway.of.purine.deoxyribonucleosides.degradation",0.0396891730461118,0.0230766941750324,0.0857420689134385,0.133802334728978,1083,903
"loCRC_vs_OlderCtrl","pathways","TCA.GLYOX.BYPASS..superpathway.of.glyoxylate.bypass.and.TCA",0.0696072064090802,0.0407928733105356,0.0882308932332925,0.137430276077136,1083,290
"loCRC_vs_OlderCtrl","pathways","P164.PWY..purine.nucleobases.degradation.I..anaerobic.",0.0348932948090789,0.0210535812583149,0.0977399007374318,0.151397480255024,1083,994
"loCRC_vs_OlderCtrl","pathways","PWY.6629..superpathway.of.L.tryptophan.biosynthesis",0.0804681798496721,0.0488224538337479,0.0996083363865994,0.154006985040536,1083,413
"loCRC_vs_OlderCtrl","pathways","PWY.7165..L.ascorbate.biosynthesis.VI..engineered.pathway.",-0.0350383756594336,0.0214338572150923,0.102400780566728,0.157452943330124,1083,13
"loCRC_vs_OlderCtrl","pathways","PWY.6803..phosphatidylcholine.acyl.editing",0.0588034706454209,0.0360198959055876,0.102861823312699,0.157592396430776,1083,187
"loCRC_vs_OlderCtrl","pathways","PWY.6595..superpathway.of.guanosine.nucleotides.degradation..plants.",0.0471672861933119,0.0289476576147832,0.103521722199789,0.158213541209881,1083,91
"loCRC_vs_OlderCtrl","pathways","PWY.5083..NAD.NADH.phosphorylation.and.dephosphorylation",0.0493715093501541,0.0308286449672559,0.109564667556618,0.166031087545109,1083,499
"loCRC_vs_OlderCtrl","pathways","GLYCOLYSIS.E.D..superpathway.of.glycolysis.and.Entner.Doudoroff",0.0258521945557638,0.0162098505977256,0.11104166007038,0.167965543572164,1083,1054
"loCRC_vs_OlderCtrl","pathways","METHANOGENESIS.PWY..methanogenesis.from.H2.and.CO2",0.0462950678578764,0.0290900311908732,0.111804899726078,0.168815326072889,1083,39
"loCRC_vs_OlderCtrl","pathways","PWY0.1261..anhydromuropeptides.recycling",-0.030619520695131,0.0193120078282402,0.113143738042171,0.170223433535618,1083,1054
"loCRC_vs_OlderCtrl","pathways","PWY.6876..isopropanol.biosynthesis",0.0489147694236202,0.0308738804311938,0.113409939725481,0.170318153207802,1083,34
"loCRC_vs_OlderCtrl","pathways","PWY.7392..taxadiene.biosynthesis..engineered.",-0.0642184813462424,0.0409987844948618,0.11756120934287,0.176236660875358,1083,421
"loCRC_vs_OlderCtrl","pathways","PWY.7388..octanoyl..acyl.carrier.protein..biosynthesis..mitochondria..yeast.",0.0369452443323791,0.0236451882125068,0.118468623326233,0.177279832763184,1083,989
"loCRC_vs_OlderCtrl","pathways","ARGORNPROST.PWY..arginine..ornithine.and.proline.interconversion",0.0427101700086091,0.0274193189009307,0.11960713577651,0.178664491587728,1083,270
"loCRC_vs_OlderCtrl","pathways","PWY0.321..phenylacetate.degradation.I..aerobic.",-0.0282196602496631,0.0181671281512076,0.120637541611403,0.179883024680349,1083,3
"loCRC_vs_OlderCtrl","pathways","CRNFORCAT.PWY..creatinine.degradation.I",-0.0293695077048073,0.0190501408578359,0.12344221549836,0.183738146692053,1083,1
"loCRC_vs_OlderCtrl","pathways","GLYCOLYSIS.TCA.GLYOX.BYPASS..superpathway.of.glycolysis..pyruvate.dehydrogenase..TCA..and.glyoxylate.bypass",0.0691961143676442,0.0450848236317025,0.12512802706699,0.185917174968328,1083,442
"loCRC_vs_OlderCtrl","pathways","P185.PWY..formaldehyde.assimilation.III..dihydroxyacetone.cycle.",-0.0434442657480733,0.0288370459823339,0.132222202966356,0.195763614992591,1083,262
"loCRC_vs_OlderCtrl","pathways","PWY.6562..norspermidine.biosynthesis",-0.0315788697318266,0.0210150846765903,0.13321621368681,0.19654082230554,1083,4
"loCRC_vs_OlderCtrl","pathways","PWY66.389..phytol.degradation",0.0509106158172412,0.0341366942068921,0.136156982548203,0.200526452329339,1083,125
"loCRC_vs_OlderCtrl","pathways","PWY.7254..TCA.cycle.VII..acetate.producers.",0.0573097691866812,0.0385314993011975,0.137216476248006,0.201732293150577,1083,251
"loCRC_vs_OlderCtrl","pathways","COLANSYN.PWY..colanic.acid.building.blocks.biosynthesis",-0.0204475257487488,0.013831642146957,0.139616854694681,0.204784841022834,1083,1078
"loCRC_vs_OlderCtrl","pathways","PWY.7199..pyrimidine.deoxyribonucleosides.salvage",-0.0260351035061386,0.0177520829805025,0.142779081533181,0.208447509276665,1083,1082
"loCRC_vs_OlderCtrl","pathways","PWY.6531..mannitol.cycle",0.0424138836779501,0.0291942184337953,0.146566555558644,0.212864425577372,1083,229
"loCRC_vs_OlderCtrl","pathways","PWY0.1415..superpathway.of.heme.biosynthesis.from.uroporphyrinogen.III",0.0427091778958031,0.02939703801706,0.146560682823354,0.212864425577372,1083,130
"loCRC_vs_OlderCtrl","pathways","PWY.6703..preQ0.biosynthesis",-0.0274411969067322,0.0189664837885415,0.148237051182784,0.214918077666389,1083,1081
"loCRC_vs_OlderCtrl","pathways","PWY.6071..superpathway.of.phenylethylamine.degradation",-0.0268683449044442,0.0186986714549804,0.151034343763535,0.218218586334211,1083,3
"loCRC_vs_OlderCtrl","pathways","UBISYN.PWY..superpathway.of.ubiquinol.8.biosynthesis..prokaryotic.",0.0365249770110033,0.0254518173306405,0.151560139675716,0.218601371855852,1083,23
"loCRC_vs_OlderCtrl","pathways","PWY.3781..aerobic.respiration.I..cytochrome.c.",-0.0438292212231999,0.0306956249019155,0.153621244821829,0.220814070601531,1083,35
"loCRC_vs_OlderCtrl","pathways","P221.PWY..octane.oxidation",0.0331659637276757,0.02342554873866,0.157122987820416,0.225460725673816,1083,16
"loCRC_vs_OlderCtrl","pathways","LACTOSECAT.PWY..lactose.and.galactose.degradation.I",-0.0401976403477699,0.0294292841693136,0.172254847720546,0.245492453043907,1083,676
"loCRC_vs_OlderCtrl","pathways","ECASYN.PWY..enterobacterial.common.antigen.biosynthesis",0.0388269973369492,0.028650993750359,0.175648125338825,0.249479879718534,1083,41
"eoCRC_vs_loCRC","species","species.Oscillibacter.sp..57_20",0.603117233981738,0.20151487753218,0.00287125456155935,0.0558520600444306,640,328
"eoCRC_vs_loCRC","species","species.Allisonella.histaminiformans",-0.374597024161111,0.128368825369988,0.00364675393523012,0.0668571554792188,640,151
"eoCRC_vs_loCRC","species","species.Anaerotruncus.colihominis",0.393033991684176,0.143936354530308,0.00649837293250572,0.102117288939376,640,264
"eoCRC_vs_loCRC","species","species.Bacteroides.eggerthii",-0.528880090465354,0.20113377344903,0.00875979523040238,0.124332577463776,640,197
"eoCRC_vs_loCRC","species","species.Lactobacillus.rogosae",-0.303286522050043,0.116989325923109,0.00975048971532051,0.134069233585657,640,132
"eoCRC_vs_loCRC","species","species.Coprococcus.eutactus",0.434796622707444,0.170197579404575,0.0108623619412215,0.14483149254962,640,121
"eoCRC_vs_loCRC","species","species.Prevotella.stercorea",-0.429090778044645,0.174002961129324,0.0139288564042687,0.170241578274395,640,113
"eoCRC_vs_loCRC","species","species.Phocaeicola.plebeius",-0.576641994404048,0.241261501423361,0.0171356338437254,0.182775992959369,640,252
"eoCRC_vs_loCRC","species","species.Roseburia.inulinivorans",-0.466471901743778,0.195231015655717,0.0171715869237139,0.182775992959369,640,497
"eoCRC_vs_loCRC","species","species.Bacteroides.salyersiae",-0.417221385171827,0.174111995481171,0.0168512331498209,0.182775992959369,640,139
"eoCRC_vs_loCRC","pathways","PWY66.400..glycolysis.VI..metazoan.",0.0601352094178206,0.021212227093711,0.00472972148993965,0.0376429161901752,640,640
"eoCRC_vs_loCRC","pathways","PWY.7616..methanol.oxidation.to.carbon.dioxide",0.0755589189235268,0.0304927555843389,0.0134755450504588,0.0758224538108107,640,2
"eoCRC_vs_loCRC","pathways","PWY.5690..TCA.cycle.II..plants.and.fungi.",-0.0704325448372453,0.0298905291771115,0.0187597926846874,0.0941359656872336,640,558
"eoCRC_vs_loCRC","pathways","P42.PWY..incomplete.reductive.TCA.cycle",0.113878863788717,0.0495459957485214,0.0218624949021766,0.107139010105404,640,337
"eoCRC_vs_loCRC","pathways","PWY.6215..4.chlorobenzoate.degradation",0.0549094958159495,0.025420704001161,0.0311471999681271,0.144206373333097,640,1
"eoCRC_vs_loCRC","pathways","PROTOCATECHUATE.ORTHO.CLEAVAGE.PWY..protocatechuate.degradation.II..ortho.cleavage.pathway.",0.0899825442109839,0.042673878512182,0.0353708995811358,0.156004283415746,640,8
"eoCRC_vs_loCRC","pathways","PWY.7294..xylose.degradation.IV",-0.0671692539291224,0.0321355688498043,0.0370017947694293,0.161497416754072,640,1
"eoCRC_vs_loCRC","pathways","PWY.5138..unsaturated..even.numbered.fatty.acid..beta..oxidation",0.116207541976065,0.0557933172699434,0.0376696749326875,0.163560557479752,640,200
"eoCRC_vs_loCRC","pathways","PWY.7013..L.1.2.propanediol.degradation",0.111389893192107,0.0550097632674822,0.0432982195955638,0.179623307035062,640,207
"eoCRC_vs_loCRC","pathways","P108.PWY..pyruvate.fermentation.to.propanoate.I",0.0806461999028403,0.0427716495196021,0.0598218665632492,0.234255720467303,640,373
"eoCRC_vs_loCRC","pathways","PWY.5989..stearate.biosynthesis.II..bacteria.and.plants.",0.0628568834683521,0.0337128730002119,0.0627197761962462,0.243329502094696,640,605
"eoCRC_vs_loCRC","pathways","GLUCONEO.PWY..gluconeogenesis.I",0.0377011206625498,0.0202728407645003,0.0633936330355784,0.243738077280222,640,640
